title,when_,where,who,what,why,how,source_agent_report,location_name,latitude,longitude,category,data_of_information,hashtags
Nama Ketut Makin Jarang di Kalangan Siswa Tabanan Terendah,2026-09-19T05:06:18.000Z,"Kabupaten Tabanan, Bali, Indonesia","Nama Ketut Makin Jarang di Kalangan Siswa, Tabanan Terendah - BALIPOST.com","DENPASAR, BALIPOST.com – Penggunaan nama Ketut di kalangan siswa Bali makin jarang. Data Dinas Pendidikan, Kepemudaan, dan Olahraga (Disdikpora) Provinsi Bali tahun 2026 mencatat proporsi anak keempat yang dalam sistem penamaan Bali umumnya menggunakan nama Ketut hanya 4,98 persen dari keseluruhan siswa.","Dari 853.933 siswa yang terdata, hanya 42.486 siswa masuk kelompok anak keempat. Namun, persentasenya tidak merata di seluruh kabupaten/kota.","Pada Hari Sabtu , 19 September 2026 05:06, Tabanan, Tabanan, Bali

DENPASAR, BALIPOST.com – Penggunaan nama Ketut di kalangan siswa Bali makin jarang. Data Dinas Pendidikan, Kepemudaan, dan Olahraga (Disdikpora) Provinsi Bali tahun 2026 mencatat proporsi anak keempat yang dalam sistem penamaan Bali umumnya menggunakan nama Ketut hanya 4,98 persen dari keseluruhan siswa.

Dari 853.933 siswa yang terdata, hanya 42.486 siswa masuk kelompok anak keempat. Namun, persentasenya tidak merata di seluruh kabupaten/kota. Tabanan tercatat sebagai daerah dengan proporsi anak keempat paling rendah, sedangkan Buleleng menjadi daerah dengan persentase tertinggi.

Kepala Disdikpora Provinsi Bali, Ida Bagus Gde Wesnawa Punia, mengatakan rekapitulasi tersebut disusun berdasarkan data siswa bernama Bali periode 2019-2026. Data mencakup jenjang PAUD, SD, SMP, SMA, SMK, SLB hingga jalur pendidikan nonformal PKBM/SKB, dengan sumber Dapomart BPMP Agustus 2026.

“Dalam data 2026, siswa dengan nama Bali tercatat sebanyak 654.345 orang atau 76,63 persen dari keseluruhan siswa. Sementara 199.588 siswa atau 23,37 persen tercatat tanpa nama Bali,” ujar Wesnawa Punia, Jumat (18/9).

Berdasarkan urutan kelahiran, kelompok anak pertama dengan nama Putu, Wayan, atau Gede masih menjadi kelompok terbesar, yakni 255.229 siswa atau 29,89 persen. Selanjutnya anak kedua dengan nama Made, Kadek, atau Nengah sebanyak 232.227 siswa atau 27,19 persen.

Sementara kelompok anak ketiga dengan nama Komang atau Nyoman mencapai 124.403 siswa atau 14,57 persen. Adapun kelompok anak keempat atau Ketut hanya 42.486 siswa atau 4,98 persen.

Perbedaan paling terlihat ketika data tersebut dipetakan berdasarkan wilayah. Buleleng mencatat 12.003 siswa anak keempat atau 8,41 persen dari total 142.686 siswa. Persentase ini menjadi yang tertinggi di Bali.

Karangasem menyusul dengan 7.129 siswa atau 8,17 persen dari 87.286 siswa. Kemudian Bangli 3.037 siswa atau 6,57 persen dari 46.200 siswa dan Klungkung 2.438 siswa atau 6,03 persen dari 40.454 siswa.

Jembrana mencatat 2.630 siswa anak keempat atau 5,31 persen dari 49.563 siswa. Sementara Gianyar sebanyak 3.484 siswa atau 3,40 persen dari 102.599 siswa.

Di Badung, anak keempat tercatat 4.443 siswa atau 3,35 persen dari 132.617 siswa. Denpasar mencatat 5.501 siswa atau 3,08 persen dari 178.517 siswa.

Adapun Tabanan menjadi daerah dengan proporsi paling rendah. Dari 74.011 siswa, hanya 1.821 siswa atau 2,46 persen yang masuk kelompok anak keempat.

“Kalau dilihat per daerah, angkanya memang berbeda. Ada daerah yang persentasenya lebih tinggi dan ada yang lebih rendah,” kata pria yang akrab disapa Gus Wes ini.

Menariknya, pola serupa juga terlihat pada kelompok anak ketiga yang menggunakan nama Komang atau Nyoman. Karangasem mencatat proporsi tertinggi, yakni 16.910 siswa atau 19,37 persen. Buleleng mencapai 18,82 persen atau 26.858 siswa, Bangli 17,54 persen atau 8.105 siswa, dan Klungkung 16,53 persen atau 6.688 siswa.

Di Jembrana, kelompok anak ketiga mencapai 7.613 siswa atau 15,36 persen. Gianyar 14.011 siswa atau 13,66 persen, Badung 16.538 siswa atau 12,47 persen, Tabanan 8.896 siswa atau 12,02 persen, dan Denpasar 18.784 siswa atau 10,52 persen.

Disdikpora Bali juga menemukan variasi proporsi anak keempat berdasarkan jenjang pendidikan. Pada PAUD 2026, dari 86.187 siswa, sebanyak 3.855 anak atau 4,47 persen merupakan anak keempat.

Di SD, jumlahnya mencapai 19.674 siswa atau 5,16 persen dari 381.400 siswa. Pada SMP terdapat 9.516 anak keempat atau 5,02 persen dari 189.408 siswa.

Sementara di SMA terdapat 4.020 siswa atau 4,62 persen dari total 87.017 siswa. Pada SMK, sebanyak 4.799 siswa atau 4,88 persen dari 98.331 siswa merupakan anak keempat.

Di SLB, kelompok anak keempat tercatat 127 siswa atau 4,44 persen dari 2.859 siswa. Sedangkan pada jalur PKBM/SKB, sebanyak 495 siswa atau 5,67 persen dari 8.731 siswa masuk kelompok anak keempat.

“Data ini kami susun berdasarkan jenjang pendidikan, sehingga bisa dilihat bagaimana komposisinya mulai dari PAUD sampai pendidikan nonformal,” ujar Gus Wes.

Rekapitulasi juga memperlihatkan bahwa proporsi anak keempat relatif bertahan di sekitar angka 5 persen dalam beberapa tahun terakhir pada sejumlah jenjang. Pada SD, misalnya, persentasenya meningkat dari 4,92 persen pada 2019 menjadi 5,16 persen pada 2025 dan 2026.

Pada SMP, angkanya bergerak dari 5,09 persen pada 2019 menjadi 5,02 persen pada 2026. Untuk SMA, SMK, dan SLB, Disdikpora memberikan catatan bahwa penyajian data mengalami perubahan.

Data 2019-2023 masih digabung dalam kelompok SMA/SMK/SLB, sedangkan mulai 2024 sudah dipisahkan berdasarkan jenjang pendidikan. Selain urutan kelahiran, data Disdikpora juga menggambarkan penggunaan nama Bali secara keseluruhan.

Karangasem tercatat memiliki proporsi siswa dengan nama Bali sebesar 88,80 persen, disusul Bangli 88,45 persen, Klungkung 87,26 persen, dan Buleleng 86,17 persen.

Gianyar mencapai 82,75 persen dan Tabanan 81,96 persen. Jembrana berada pada angka 73,27 persen, sedangkan Badung 68,19 persen. Denpasar menjadi daerah dengan proporsi siswa bernama Bali paling rendah.

Dari 178.517 siswa, sebanyak 105.412 siswa atau 59,05 persen menggunakan nama Bali. Sebanyak 73.105 siswa atau 40,95 persen tercatat tidak menggunakan nama Bali.

Menurut Gus Wes, rekapitulasi tersebut memberikan gambaran mengenai penggunaan nama Bali berdasarkan wilayah, jenjang pendidikan, dan urutan kelahiran. Data tersebut sekaligus menunjukkan adanya perbedaan pola penggunaan nama Bali di antara kabupaten/kota.

Persoalan semakin sedikitnya anak ketiga dan keempat sebelumnya juga disoroti Gubernur Bali, Wayan Koster. Saat menutup Utsawa Dharmagita (UDG) Provinsi Bali XXXIII Tahun 2026 di Gedung Ksirarnawa, Taman Budaya Provinsi Bali, Denpasar, Rabu (16/9), Koster menyinggung rendahnya proporsi nama Ketut di sejumlah daerah.

Ia secara khusus menyebut Tabanan sebagai daerah dengan persentase Ketut yang rendah, disusul Denpasar dan Badung. “Yang rendah itu Tabanan. Paling rendah nih Tabanan ini. Mau tiang mau kumpulin Bupatinya. Denpasar, Badung (juga) nah gitu,” sebut Koster.

Menurut Koster, jumlah keluarga yang memiliki anak ketiga dan keempat berkaitan dengan keberlangsungan penggunaan nama Nyoman dan Ketut pada generasi berikutnya. Ia menilai kedua nama tersebut bukan sekadar penanda urutan kelahiran, melainkan bagian dari sistem penamaan tradisional yang melekat pada identitas masyarakat Bali.

Atas dasar itu, Koster mengatakan dirinya tidak lagi ingin mengampanyekan pola keluarga dengan dua anak di Bali. Ia justru mendorong gagasan keluarga dengan empat anak sepanjang kondisi keluarga memungkinkan.

“Jadi karena itu titiang mangkin enggak mau lagi kampanye KB 2 anak! Titiang udah bicara sama Menteri Kependudukan/Badan Keluarga Berencana berhenti kampanye KB 2 anak di Bali! Sekarang kita kampanye KB 4 anak lamun nyidang,” tegasnya. (Ketut Winata/balipost)",BALIPOST.com,"Dajan Peken, 82114, Tabanan, Tabanan, Bali, Indonesia",-8.536609490935,115.13552944186335,5,"2, 7","kejaksaan, kejatibali, kejaritabanan, tabanan, news"
Bhabin Desa Sesandan Sambangi Kegiatan Perkemahan Pramuka SMK Negeri 1 Tabanan,2026-09-19T06:02:00.000Z,"Kabupaten Tabanan, Bali, Indonesia",Bhabin Desa Sesandan Sambangi Kegiatan Perkemahan Pramuka SMK Negeri 1 Tabanan - suryaindonesia.net,"Polres Tabanan, Surya Indonesia.net – Polsek Tabanan, Tabanan 19 September 2026 – Bhabinkamtibmas Desa Sesandan Polsek Tabanan, Aiptu I Wayan Silanjana, melaksanakan kegiatan sambang sekaligus pemantauan kegiatan Perkemahan Pramuka Ambalan Garuda Merpati Pangkalan SMK Negeri 1 Tabanan, Sabtu (19/9/2026) pukul 10.00 WITA. Kegiatan perkemahan tersebut dilaksanakan di Bumi Perkemahan Wana Harum, Banjar Sekartaji, Desa Sesandan, Kecamatan Tabanan, dengan mengusung tema “ALPRATA” (Alam Menempa Pramuka Berkarya Smaksata).","ADVERTISEMENT SCROLL TO RESUME CONTENT

Dalam kegiatan tersebut, tercatat sebanyak 50 orang peserta dan 43 orang panitia yang mengikuti serta mendukung pelaksanaan perkemahan. Dalam kesempatan tersebut, Aiptu I Wayan Silanjana melakukan sambang dan berkoordinasi dengan panitia maupun peserta guna memastikan kegiatan berjalan dengan aman, tertib dan lancar.","Pada Hari Sabtu , 19 September 2026 06:02, Tabanan, Tabanan, Bali

Polres Tabanan, Surya Indonesia.net – Polsek Tabanan, Tabanan 19 September 2026 – Bhabinkamtibmas Desa Sesandan Polsek Tabanan, Aiptu I Wayan Silanjana, melaksanakan kegiatan sambang sekaligus pemantauan kegiatan Perkemahan Pramuka Ambalan Garuda Merpati Pangkalan SMK Negeri 1 Tabanan, Sabtu (19/9/2026) pukul 10.00 WITA.

Kegiatan perkemahan tersebut dilaksanakan di Bumi Perkemahan Wana Harum, Banjar Sekartaji, Desa Sesandan, Kecamatan Tabanan, dengan mengusung tema “ALPRATA” (Alam Menempa Pramuka Berkarya Smaksata).

ADVERTISEMENT SCROLL TO RESUME CONTENT

Dalam kegiatan tersebut, tercatat sebanyak 50 orang peserta dan 43 orang panitia yang mengikuti serta mendukung pelaksanaan perkemahan.

Dalam kesempatan tersebut, Aiptu I Wayan Silanjana melakukan sambang dan berkoordinasi dengan panitia maupun peserta guna memastikan kegiatan berjalan dengan aman, tertib dan lancar. Bhabinkamtibmas juga menyampaikan imbauan agar seluruh peserta tetap menjaga keamanan, kebersihan lingkungan, serta mematuhi ketentuan selama berada di lokasi perkemahan.

Seijin Kapolres Tabanan AKBP I Putu Bayu Pati, S. I. K., M. H., Kapolsek Tabanan Kompol I.Made Berata. S.H.,M.H., menyampaikan bahwa,”

Kegiatan sambang ini merupakan bagian dari upaya Bhabinkamtibmas untuk mempererat komunikasi dengan masyarakat, khususnya generasi muda, sekaligus menciptakan situasi kamtibmas yang aman dan kondusif selama berlangsungnya kegiatan.

Selama kegiatan berlangsung, situasi di Bumi Perkemahan Wana Harum terpantau aman, tertib dan kondusif.

(anggi)",suryaindonesia.net,"Dajan Peken, 82114, Tabanan, Tabanan, Bali, Indonesia",-8.536609490935,115.13552944186335,5,"2, 7","kejaksaan, kejatibali, kejaritabanan, tabanan, news"
Pelajar Tabanan Wakili Bali di AHM Best Student 2026 dengan Inovasi Abon Nabati dari Kulit Pisang,2026-09-19T03:13:58.000Z,"Kabupaten Tabanan, Bali, Indonesia",Pelajar Tabanan Wakili Bali di AHM Best Student 2026 dengan Inovasi Abon Nabati dari Kulit Pisang - kabarnusa.com,"Denpasar – Kreativitas dan kepedulian terhadap lingkungan mengantarkan Ni Putu Issabel Kirana Selena Devi, siswi SMA Negeri 1 Tabanan, menjadi Juara 1 AHM Best Student (AHMBS) 2026 tingkat regional Bali. Melalui inovasi mengolah limbah kulit pisang menjadi abon nabati bernama Biu-Zy, Issabel berhasil meraih posisi terbaik sekaligus berhak mewakili Bali dalam ajang AHM Best Student 2026 tingkat nasional.","Produk Biu-Zy menjadi contoh nyata bagaimana limbah yang selama ini kurang dimanfaatkan dapat diolah menjadi pangan alternatif bernilai guna. Inovasi ini tidak hanya membuka peluang pemberdayaan ekonomi, tetapi juga menunjukkan kepedulian generasi muda terhadap isu lingkungan.","Pada Hari Sabtu , 19 September 2026 03:13, Tabanan, Tabanan, Bali

Denpasar – Kreativitas dan kepedulian terhadap lingkungan mengantarkan Ni Putu Issabel Kirana Selena Devi, siswi SMA Negeri 1 Tabanan, menjadi Juara 1 AHM Best Student (AHMBS) 2026 tingkat regional Bali.

Melalui inovasi mengolah limbah kulit pisang menjadi abon nabati bernama Biu-Zy, Issabel berhasil meraih posisi terbaik sekaligus berhak mewakili Bali dalam ajang AHM Best Student 2026 tingkat nasional.

Produk Biu-Zy menjadi contoh nyata bagaimana limbah yang selama ini kurang dimanfaatkan dapat diolah menjadi pangan alternatif bernilai guna. Inovasi ini tidak hanya membuka peluang pemberdayaan ekonomi, tetapi juga menunjukkan kepedulian generasi muda terhadap isu lingkungan.

Baca Juga : Jangan Asal Berteduh! Ini Imbauan Resmi Astra Motor Bali untuk Pemotor di Tengah Badai Angin

Seleksi regional AHM Best Student 2026 Astra Motor Bali menghasilkan tiga pelajar terbaik dengan karya inovatif. Juara 2 diraih oleh Uski Salsabila dari SMK Negeri 2 Negara melalui karya shampo berbahan kulit jeruk bali untuk membantu membasmi kutu rambut. Juara 3 diraih oleh I Putu Arya Shiya Dharmayuda dari SMA Negeri 7 Denpasar dengan VisiTrash System (Vision Inspection & Sorting Trash System), gagasan pengelolaan botol plastik menggunakan sistem penimbangan untuk mengetahui berat sampah sekaligus mengonversinya ke nilai rupiah.

Cokorda Bagus Purnawan, Admin & Finance Manager Astra Motor Bali, menegaskan AHM Best Student menjadi ruang bagi pelajar untuk mengembangkan ide kreatif sekaligus menghadirkan solusi atas berbagai permasalahan di masyarakat.

“Kami ingin mendorong lahirnya generasi muda yang unggul dalam kreativitas dan inovasi, sekaligus memiliki kepedulian sosial yang tinggi. Para pelajar cerdas dan kreatif dapat mengikuti AHM Best Student 2026 melalui empat kategori lomba berbasis Sustainable Development Goals atau SDGs, yaitu Pendidikan, Kesehatan, Lingkungan, dan Pemberdayaan Ekonomi. Kami berharap karya para pemenang dapat terus dikembangkan dan memberikan dampak positif yang lebih luas,” ujarnya.

Baca Juga : Motorku X Luncurkan Fitur Tukar Tambah, Ganti Motor Honda Kini Lebih Praktis dari Rumah

Mengusung tema “Gen Z Berkarya, Indonesia Berdaya!”, AHM Best Student 2026 menjadi wadah bagi pelajar SMA/SMK di Bali untuk melahirkan gagasan kreatif yang berdampak positif bagi masyarakat dan lingkungan.

Seluruh peserta menuangkan ide berbasis SDGs dalam empat kategori utama: Pendidikan, Kesehatan, Lingkungan, dan Pemberdayaan Ekonomi. Selain itu, mereka juga mengikuti social media challenge dengan mengunggah konten kreatif bertema SDGs melalui akun Instagram masing-masing.

Melalui ajang ini, Astra Motor Bali menegaskan komitmennya mendukung lahirnya generasi muda yang tidak hanya berprestasi akademis, tetapi juga mampu melihat permasalahan di sekitarnya dan mengubahnya menjadi peluang melalui kreativitas dan inovasi.

Baca Juga : Astra Motor Bali Kobarkan Semangat Solidaritas Lewat Fun Motour Camp Honda Community

Kini, Ni Putu Issabel Kirana Selena Devi bersama karya Biu-Zy bersiap membawa nama Bali ke tingkat nasional, sekaligus menjadi representasi semangat Gen Z Bali dalam berkarya dan memberi manfaat bagi lingkungan serta masyarakat.***",kabarnusa.com,"Dajan Peken, 82114, Tabanan, Tabanan, Bali, Indonesia",-8.536609490935,115.13552944186335,5,"2, 7","kejaksaan, kejatibali, kejaritabanan, tabanan, news"
Baturiti Festival Dibuka Pemkab Tabanan Dorong Penguatan Ekonomi Kreatif,2026-09-19T03:08:35.000Z,"Kabupaten Tabanan, Bali, Indonesia","Baturiti Festival Dibuka, Pemkab Tabanan Dorong Penguatan Ekonomi Kreatif - - Barometer Bali","Barometer Bali | Tabanan – Semangat pelestarian budaya dan pengembangan potensi daerah kembali digaungkan Pemerintah Kabupaten Tabanan melalui gelaran Baturiti Festival yang berlangsung di Lapangan Umum Kecamatan Baturiti, Jumat (18/9). Mewakili Bupati Tabanan, Dr.","I Komang Gede Sanjaya, S.E., M.M., Wakil Bupati Tabanan I Made Dirga hadir sekaligus membuka secara resmi festival yang mengusung tema “Purnaning Sri Danu” tersebut. Festival yang berlangsung selama dua hari, 18 hingga 19 September 2026, turut dihadiri anggota DPRD Kabupaten Tabanan, para Kepala Perangkat Daerah terkait di lingkungan Pemerintah Kabupaten Tabanan, para Tokoh masyarakat beserta undangan.","Pada Hari Sabtu , 19 September 2026 03:08, Tabanan, Tabanan, Bali

Barometer Bali | Tabanan – Semangat pelestarian budaya dan pengembangan potensi daerah kembali digaungkan Pemerintah Kabupaten Tabanan melalui gelaran Baturiti Festival yang berlangsung di Lapangan Umum Kecamatan Baturiti, Jumat (18/9). Mewakili Bupati Tabanan, Dr. I Komang Gede Sanjaya, S.E., M.M., Wakil Bupati Tabanan I Made Dirga hadir sekaligus membuka secara resmi festival yang mengusung tema “Purnaning Sri Danu” tersebut.

Festival yang berlangsung selama dua hari, 18 hingga 19 September 2026, turut dihadiri anggota DPRD Kabupaten Tabanan, para Kepala Perangkat Daerah terkait di lingkungan Pemerintah Kabupaten Tabanan, para Tokoh masyarakat beserta undangan. Pembukaan ditandai dengan pemukulan gamelan secara simbolis oleh Wabup Dirga yang diiringi okokan, menandai dimulainya rangkaian kegiatan yang memadukan seni, budaya, dan kreativitas masyarakat.

Mengusung semangat menggali potensi daerah, Baturiti Festival menyajikan beragam pertunjukan seni dan budaya, mulai dari penampilan baleganjur, tari-tarian, sekaa gong istri, perlombaan tari tingkat SD dan SMP, lomba karaoke se-Kecamatan Baturiti, hingga hiburan dari artis Bali. Berbagai kegiatan tersebut menjadi ruang bagi masyarakat untuk menampilkan kreativitas sekaligus memperkuat budaya lokal sebagai bagian dari pembangunan daerah.

Dalam sambutan Bupati Tabanan yang dibacakan Wabup Dirga, disampaikan Baturiti memiliki kekayaan alam, pertanian, tradisi, serta potensi wisata yang menjadi modal besar dalam mendukung pembangunan Kabupaten Tabanan. “Baturiti bukan hanya tentang keindahan alam, tetapi juga tentang kehidupan masyarakat yang terus berkarya, berinovasi, dan menjaga warisan budaya. Melalui Baturiti Festival, kita ingin menunjukkan bahwa potensi daerah dapat dikemas menjadi kekuatan ekonomi, budaya, dan pariwisata,” ungkapnya.

Pihaknya juga menekankan pentingnya menjaga keseimbangan antara pertumbuhan ekonomi, perkembangan pariwisata, serta kelestarian lingkungan dan budaya. “Kita ingin ekonomi masyarakat tumbuh namun lingkungan tetap terjaga, kita ingin pariwisata berkembang namun budaya dan tradisi tetap menjadi jati diri. Inilah semangat yang kita bangun dalam kebersamaan untuk mewujudkan Tabanan Era Baru yang Aman, Unggul, dan Madani,” ujarnya. Bupati juga berpesan agar program serupa dapat dilaksanakan di seluruh kecamatan sebagai agenda budaya yang berkelanjutan sekaligus mendukung pengembangan ekonomi dan pariwisata berbasis budaya.

Sementara itu, Camat Baturiti Ni Luh Putu Mahadi Santi Dewi dalam laporannya menyampaikan, bahwa Baturiti Festival menjadi ruang bersama untuk menggali, memperkenalkan, dan mengembangkan potensi Kecamatan Baturiti, baik seni dan budaya, kreativitas generasi muda, UMKM, maupun potensi masyarakat lainnya. “Kami berharap melalui festival ini dapat mewujudkan kemakmuran melalui pelestarian sumber air, alam, dan keberlanjutan budaya, sekaligus menjadi momentum untuk mempererat kebersamaan dari pemerintah hingga masyarakat,” jelasnya. (rah/red)",Barometer Bali,"Dajan Peken, 82114, Tabanan, Tabanan, Bali, Indonesia",-8.536609490935,115.13552944186335,5,"2, 7","kejaksaan, kejatibali, kejaritabanan, tabanan, news"
Berita Tentang Pemkab Tabanan Perkuat Potensi Ekonomi Kreatif Lokal,2026-09-19T06:32:15.000Z,"Kabupaten Tabanan, Bali, Indonesia",Berita Tentang Pemkab Tabanan Perkuat Potensi Ekonomi Kreatif Lokal - BaliNews.id,"Functional Functional Always active

The technical storage or access is strictly necessary for the legitimate purpose of enabling the use of a specific service explicitly requested by the subscriber or user, or for the sole purpose of carrying out the transmission of a communication over an electronic communications network.",,"Pada Hari Sabtu , 19 September 2026 06:32, Tabanan, Tabanan, Bali

Functional Functional Always active

The technical storage or access is strictly necessary for the legitimate purpose of enabling the use of a specific service explicitly requested by the subscriber or user, or for the sole purpose of carrying out the transmission of a communication over an electronic communications network.",BaliNews.id,"Dajan Peken, 82114, Tabanan, Tabanan, Bali, Indonesia",-8.536609490935,115.13552944186335,5,"2, 7","kejaksaan, kejatibali, kejaritabanan, tabanan, news"
Rumah 2 Unit Bersebelahan Type 5080 Dekat Pantai Kedungu Tabanan,2026-09-19T07:14:11.000Z,"Kabupaten Tabanan, Bali, Indonesia",Rumah 2 Unit Bersebelahan Type 50/80 Dekat Pantai Kedungu Tabanan - Rumah123,"Kebijakan Rumah123

Dengan klik tombol kontak, Pengguna setuju dengan Syarat Pengguna dan Kebijakan Privasi

Informasi Properti

Informasi properti yang disajikan sepenuhnya merupakan tanggung jawab pengiklan. Pengguna disarankan untuk melakukan verifikasi dengan pengiklan sebelum mengambil keputusan.",,"Pada Hari Sabtu , 19 September 2026 07:14, Tabanan, Tabanan, Bali

Kebijakan Rumah123

Dengan klik tombol kontak, Pengguna setuju dengan Syarat Pengguna dan Kebijakan Privasi

Informasi Properti

Informasi properti yang disajikan sepenuhnya merupakan tanggung jawab pengiklan. Pengguna disarankan untuk melakukan verifikasi dengan pengiklan sebelum mengambil keputusan.",Rumah123,"Dajan Peken, 82114, Tabanan, Tabanan, Bali, Indonesia",-8.536609490935,115.13552944186335,5,"2, 7","kejaksaan, kejatibali, kejaritabanan, tabanan, news"
PLN Mengajar Kenalkan Dunia Ketenagalistrikan di SMA Negeri 1 Tabanan,2026-09-18T23:08:00.000Z,"Kabupaten Tabanan, Bali, Indonesia",PLN Mengajar: Kenalkan Dunia Ketenagalistrikan di SMA Negeri 1 Tabanan - baliekbis.com,"(Baliekbis.com), PT PLN (Persero) Unit Pelaksana Pelayanan Pelanggan (UP3) Bali Selatan melalui Unit Layanan Pelanggan (ULP) Tabanan kembali menghadirkan program PLN Mengajar bagi generasi muda. Kali ini, sebanyak 50 siswa SMA Negeri 1 Kerambitan, Tabanan, mendapatkan pembelajaran mengenai dunia ketenagalistrikan, keselamatan penggunaan listrik, serta pemanfaatan layanan digital PLN.","Kegiatan PLN Mengajar yang berlangsung di SMA Negeri 1 Kerambitan, Desa Kukuh, Kerambitan, Tabanan, berlangsung interaktif dan mendapat sambutan antusias dari para siswa. Tidak hanya menerima materi, siswa juga berkesempatan berdiskusi langsung dengan insan PLN mengenai kelistrikan, keselamatan dalam menggunakan listrik, hingga kemudahan mengakses layanan PLN melalui PLN Mobile.","Pada Hari Jumat , 18 September 2026 23:08, Tabanan, Tabanan, Bali

(Baliekbis.com), PT PLN (Persero) Unit Pelaksana Pelayanan Pelanggan (UP3) Bali Selatan melalui Unit Layanan Pelanggan (ULP) Tabanan kembali menghadirkan program PLN Mengajar bagi generasi muda.

Kali ini, sebanyak 50 siswa SMA Negeri 1 Kerambitan, Tabanan, mendapatkan pembelajaran mengenai dunia ketenagalistrikan, keselamatan penggunaan listrik, serta pemanfaatan layanan digital PLN.

Kegiatan PLN Mengajar yang berlangsung di SMA Negeri 1 Kerambitan, Desa Kukuh, Kerambitan, Tabanan, berlangsung interaktif dan mendapat sambutan antusias dari para siswa.

Tidak hanya menerima materi, siswa juga berkesempatan berdiskusi langsung dengan insan PLN mengenai kelistrikan, keselamatan dalam menggunakan listrik, hingga kemudahan mengakses layanan PLN melalui PLN Mobile.

Dalam kegiatan tersebut, tim PLN ULP Tabanan memberikan materi terkait informasi ketenagalistrikan, keselamatan dan potensi bahaya listrik, serta pengenalan PLN Mobile sebagai salah satu kanal layanan digital PLN.

Materi PLN Mengajar disampaikan oleh I Wayan Murtika selaku Manajer ULP Tabanan, I Komang P. Juniarta selaku Team Leader PP, dan I Komang Sutarjana selaku Team Leader K3L & KAM.

Penyampaian materi dikemas secara interaktif sehingga siswa memiliki kesempatan untuk berdiskusi dan menyampaikan pertanyaan berdasarkan pengalaman maupun hal-hal yang mereka temui dalam keseharian.

Selain sesi penyampaian materi, kegiatan dilanjutkan dengan tanya jawab dan kuis interaktif. Para siswa terlihat aktif mengajukan pertanyaan dan mengikuti kuis yang diberikan oleh tim PLN.

Sebagai bentuk apresiasi atas partisipasi siswa, PLN juga memberikan merchandise kepada peserta yang berpartisipasi dalam sesi interaktif tersebut.

Manager PLN UP3 Bali Selatan, Alexander J. Manuhuwa, mengatakan bahwa PLN Mengajar menjadi salah satu ruang bagi PLN untuk berbagi pengetahuan dan memperkenalkan dunia ketenagalistrikan kepada pelajar dengan cara yang lebih dekat dan mudah dipahami.

“PLN Mengajar merupakan kesempatan bagi kami untuk berbagi pengalaman dan pengetahuan tentang kelistrikan secara langsung kepada para siswa. Kami ingin mereka memahami bahwa listrik memberikan banyak manfaat dalam kehidupan, namun penggunaannya juga harus disertai dengan pengetahuan mengenai keselamatan,” ujar Alexander.

Ia menambahkan, pengenalan mengenai PLN Mobile dalam kegiatan tersebut juga diharapkan dapat membuat generasi muda lebih mengenal perkembangan layanan PLN yang semakin memanfaatkan teknologi digital.

“Di sisi lain, kami juga ingin memperkenalkan bagaimana masyarakat saat ini dapat mengakses layanan PLN melalui kanal digital. Harapannya, siswa mengenal PLN bukan hanya sebagai penyedia listrik, tetapi juga sebagai perusahaan yang terus beradaptasi dengan perkembangan teknologi dan kebutuhan pelanggan,” lanjutnya.

Sementara itu, Waka Humas SMA Negeri 1 Kerambitan, Ni Made Utami Asih,S.Pd.,M.Pd., menyampaikan apresiasi kepada PLN atas pelaksanaan program PLN Mengajar di sekolahnya.

“Pihak sekolah berterima kasih atas kegiatan edukasi yang diberikan kepada siswa-siswi. Kegiatan seperti ini memberikan pengetahuan tambahan bagi mereka, khususnya agar lebih memahami keselamatan ketenagalistrikan dan lebih berhati-hati dalam menggunakan listrik,” ungkap Ni Made Utami.

Antusiasme siswa selama kegiatan juga menjadi bagian penting dari pelaksanaan PLN Mengajar. Melalui sesi diskusi dan kuis, siswa tidak hanya menerima materi secara satu arah, tetapi turut terlibat aktif dalam proses pembelajaran.

PLN berharap program PLN Mengajar dapat terus menjadi sarana berbagi pengetahuan dan pengalaman kepada generasi muda, sekaligus membangun kesadaran mengenai penggunaan listrik yang aman serta memperkenalkan perkembangan layanan kelistrikan dan digitalisasi PLN kepada masyarakat sejak lingkungan pendidikan. (ist)",baliekbis.com,"Dajan Peken, 82114, Tabanan, Tabanan, Bali, Indonesia",-8.536609490935,115.13552944186335,5,"2, 7","kejaksaan, kejatibali, kejaritabanan, tabanan, news"
Hadir di TabananBadung Cek Jadwal SIM Keliling Hari Ini 19 September 2026,2026-09-18T20:30:45.000Z,"Kabupaten Tabanan, Bali, Indonesia","Hadir di Tabanan-Badung, Cek Jadwal SIM Keliling Hari Ini 19 September 2026 - detikcom","Pastikan masa berlaku Surat Izin Mengemudi (SIM) Anda belum habis. Jika SIM A maupun SIM C sudah mendekati masa tenggang, Anda dapat memanfaatkan layanan SIM Keliling terdekat.",Layanan SIM Keliling hari ini kembali hadir di wilayah Tabanan dan Badung. Layanan ini memudahkan proses perpanjangan SIM A dan SIM C tanpa harus ke kantor Satuan Penyelenggara Administrasi SIM (Satpas).,"Pada Hari Jumat , 18 September 2026 20:30, Tabanan, Tabanan, Bali

Pastikan masa berlaku Surat Izin Mengemudi (SIM) Anda belum habis. Jika SIM A maupun SIM C sudah mendekati masa tenggang, Anda dapat memanfaatkan layanan SIM Keliling terdekat.

Layanan SIM Keliling hari ini kembali hadir di wilayah Tabanan dan Badung. Layanan ini memudahkan proses perpanjangan SIM A dan SIM C tanpa harus ke kantor Satuan Penyelenggara Administrasi SIM (Satpas).

Warga Bali yang ingin mengurus perpanjangan SIM dengan cepat dan praktis, bisa langsung mendatangi layanan SIM Keliling terdekat. Simak jadwal dan lokasi layanan SIM keliling Bali hari ini Sabtu, 19 September 2026.

SIM Keliling Tabanan 19 September 2026

Lokasi: Pasar Senggol Tabanan

Waktu Pelayanan: 18.00 - selesai

SIM Keliling Badung 19 September 2026

Lokasi: Damkar Dalung (Timur Pasar Dalung) & Mall Pelayanan Publik (Puspem Badung)

Waktu Pelayanan: 08.00 - selesai

Biaya Perpanjangan SIM

Peraturan Pemerintah (PP) Nomor 60 Tahun 2016 tentang Penerimaan Negara Bukan Pajak (PNBP) telah mengatur biaya perpanjangan SIM. Berikut biaya perpanjangan SIM berdasarkan peraturan tersebut.

· SIM A: Rp 80.000,-

· SIM C: Rp 75.000,-

Syarat Perpanjangan SIM

Masyarakat diimbau untuk melengkapi persyaratan berikut agar permohonan perpanjangan SIM dapat diproses.

· Membawa KTP Asli dan Fotocopy

· Membawa SIM Asli dan Fotocopy

· Surat Keterangan Sehat dan Surat Keterangan Psikologi

Layanan SIM Keliling hanya melayani permohonan perpanjangan SIM A (mobil) dan SIM C (sepeda motor) yang masih aktif atau belum melewati masa berlakunya. Layanan ini tidak bisa digunakan untuk pembuatan SIM baru, penggantian SIM yang hilang, dan perpanjangan SIM yang masa berlakunya sudah habis.

Jika masa berlaku SIM sudah kedaluwarsa, pemilik SIM harus membuat SIM baru di kantor Satpas karena perpanjangan melalui SIM Keliling tidak lagi bisa dilakukan. Poin penting yang ditekankan adalah untuk memastikan masa berlaku SIM belum habis jika ingin menggunakan layanan SIM Keliling.

Video Prabowo: PAN Kawan Seperjuangan yang Setia",detikcom,"Dajan Peken, 82114, Tabanan, Tabanan, Bali, Indonesia",-8.536609490935,115.13552944186335,5,"2, 7","kejaksaan, kejatibali, kejaritabanan, tabanan, news"
Disambut Antusias di Tabanan OJK Kawal Akses Pembiayaan Berbasis Ekosistem Bersama Bank BPD Bali,2026-09-18T11:36:17.000Z,"Kabupaten Tabanan, Bali, Indonesia",Disambut Antusias di Tabanan! OJK Kawal Akses Pembiayaan Berbasis Ekosistem Bersama Bank BPD Bali - Radar Bali,"Penandatanganan Kerja Sama (PKS) antara OJK, Bank BPD Bali, PT Jamkrida Bali Mandara, BPJS Ketenagakerjaan, PT Cau Cokelat Internasional, pada Kamis (17/09/2026)







TABANAN, radarbali.jawapos.com – Bank BPD Bali bersinergi dengan Otoritas Jasa Keuangan (OJK) Provinsi Bali melalui Tim Percepatan Akses Keuangan Daerah (TPAKD) guna memperkuat ekosistem dan hilirisasi sektor pertanian, khususnya komoditas kakao di Bali. Langkah strategis ini mengintegrasikan kemudahan akses pembiayaan, perlindungan risiko usaha, hingga bantuan sarana prasarana bagi para petani dan pelaku usaha kakao.","Hal ini diwujudkan dalam kegiatan Penandatanganan Kerja Sama (PKS) antara OJK, Bank BPD Bali, PT Jamkrida Bali Mandara, BPJS Ketenagakerjaan, PT Cau Cokelat Internasional selaku offtaker, dan sejumlah kelompok tani setempat di antaranya: Kelompok Tani Bumi Lestari, Kelompok Tani Werdi Bhuana, dan Kelompok Tani Kakao Forestry pada Kamis (17/09/2026) di Desa Cau, Kecamatan Marga, Kabupaten Tabanan. Kepala OJK Provinsi Bali, Parjiman, menegaskan bahwa pengembangan ekosistem kakao melalui TPAKD merupakan bagian dari pelaksanaan fungsi OJK dalam mendukung transformasi ekonomi daerah yang inklusif dan berkelanjutan menuju Visi Indonesia Emas 2045.","Pada Hari Jumat , 18 September 2026 11:36, Tabanan, Tabanan, Bali

Penandatanganan Kerja Sama (PKS) antara OJK, Bank BPD Bali, PT Jamkrida Bali Mandara, BPJS Ketenagakerjaan, PT Cau Cokelat Internasional, pada Kamis (17/09/2026)







TABANAN, radarbali.jawapos.com – Bank BPD Bali bersinergi dengan Otoritas Jasa Keuangan (OJK) Provinsi Bali melalui Tim Percepatan Akses Keuangan Daerah (TPAKD) guna memperkuat ekosistem dan hilirisasi sektor pertanian, khususnya komoditas kakao di Bali.

Langkah strategis ini mengintegrasikan kemudahan akses pembiayaan, perlindungan risiko usaha, hingga bantuan sarana prasarana bagi para petani dan pelaku usaha kakao.

Hal ini diwujudkan dalam kegiatan Penandatanganan Kerja Sama (PKS) antara OJK, Bank BPD Bali, PT Jamkrida Bali Mandara, BPJS Ketenagakerjaan, PT Cau Cokelat Internasional selaku offtaker, dan sejumlah kelompok tani setempat di antaranya: Kelompok Tani Bumi Lestari, Kelompok Tani Werdi Bhuana, dan Kelompok Tani Kakao Forestry pada Kamis (17/09/2026) di Desa Cau, Kecamatan Marga, Kabupaten Tabanan.

Kepala OJK Provinsi Bali, Parjiman, menegaskan bahwa pengembangan ekosistem kakao melalui TPAKD merupakan bagian dari pelaksanaan fungsi OJK dalam mendukung transformasi ekonomi daerah yang inklusif dan berkelanjutan menuju Visi Indonesia Emas 2045.

Melalui Program Pengembangan Ekonomi Daerah (PED) di Kabupaten Tabanan, OJK memfasilitasi kerja sama lintas sektor yang melibatkan Bank BPD Bali, PT Jamkrida Bali Mandara, BPJS Ketenagakerjaan, offtaker PT Cau Cokelat Internasional, serta kelompok tani kakao setempat.

Langkah ini diharapkan mampu menciptakan ekosistem hilirisasi kakao yang tangguh, memperluas akses pasar ekspor, serta meningkatkan produktivitas dan kesejahteraan para petani daerah.

""Penandatanganan PKS hari ini adalah bentuk komitmen bersama untuk mendampingi petani dan mendorong pertumbuhan ekonomi Tabanan,"" ungkap Parjiman.

Ke depan, kata dia, ekosistem kakao ini juga akan dikembangkan di Provinsi Nusa Tenggara Barat (NTB) sebagai pilot project di Kabupaten Lombok Utara.

""Kami menyadari tidak bisa bekerja sendirian, sehingga kolaborasi antara sektor jasa keuangan seperti perbankan, Jamkrida, BPJS Ketenagakerjaan, pemerintah daerah, offtaker, dan rekan-rekan petani sangat penting,"" ujarnya.

Menjawab kebutuhan pasokan dari sisi industri, CEO PT Cau Cokelat Internasional, Kadek Surya Prasetya Wiguna, menyampaikan bahwa pabrik pengolahannya memiliki kapasitas produksi sekitar 1 hingga 2 ton kakao per hari.

Dengan kapasitas minimal 1 ton per hari, kebutuhan bahan baku pabrik mencapai sekitar 350 ton per tahun.

""Pabrik kami memiliki kapasitas pengolahan minimal 1 hingga 2 ton per hari. Jika mengambil batas minimal 1 ton saja, maka kebutuhan bahan baku mencapai sekitar 350 ton per tahun.

Dengan asumsi produktivitas 1 ton per hektare, kita membutuhkan pasokan dari lahan seluas 350 hektare,"" jelas Surya.

Menurut Surya, kebutuhan bahan baku yang besar tersebut menuntut pihak pabrik untuk menggandeng lebih banyak petani kakao, mengingat luas lahan yang dikelola setiap petani bervariasi.

""Jumlah petani yang perlu kita ajak kerja sama berkisar antara 300 hingga 500 orang, karena kepemilikan lahan petani berbeda-beda—ada yang setengah hektare, bahkan ada yang hanya 20 are,"" tambahnya.

Mendukung kebutuhan rantai pasok tersebut, Direktur Kredit Bank BPD Bali, Made Lestara Widiatmika, S.E., M.M., yang hadir dalam kegiatan didampingi Kepala Bank BPD Bali Cabang Tabanan I Made Indra Taurisiana, S.T., serta Kabag Divisi Kredit Ritel dan Konsumer Putu Restawan, mengungkapkan bahwa Bank BPD Bali secara konsisten menyalurkan pembiayaan pada rantai pasok komoditas kakao, baik kepada petani individual, kelompok tani, maupun perusahaan offtaker.

Hingga saat ini, total pembiayaan kakao yang telah disalurkan mencapai Rp4,525 miliar.

""Penyaluran pembiayaan kakao ini telah berjalan sejak tahun lalu di beberapa wilayah, meliputi Kabupaten Bangli, Buleleng, Tabanan, serta porsi terbesar berada di Jembrana (Negara) yang mencapai Rp2,915 miliar,"" ujar Lestara.

Adapun, Bank BPD Bali menyediakan berbagai pilihan skema kredit bagi petani melalui program Kredit Usaha Rakyat (KUR) yang menawarkan suku bunga rendah dan terjangkau.

Skema ini mencakup KUR Super Mikro (plafon hingga Rp10 juta tanpa agunan), KUR Mikro (plafon diatas Rp10 juta sd Rp100 juta tanpa agunan), serta KUR Kecil (plafon diatas Rp100 juta hingga Rp500 juta).

Sementara Kredit Usaha untuk Sejahtera, Unggul dan Maju (Kredit KUSUMA) diarahkan sebagai solusi pembiayaan bagi skala usaha menengah atau offtaker yang sebelumnya sudah pernah menikmati fasilitas KUR (graduasi KUR).

Bank BPD Bali juga menawarkan Kredit Usaha Alsintan (KUA) sebagai skema kredit khusus yang dirancang untuk mendukung sektor pertanian secara spesifik.

""Untuk sektor pertanian, kami juga memiliki Kredit Usaha Alsintan (KUA) yang ke depannya bertransformasi menjadi Kredit Usaha Pertanian,"" sebutnya.

Saat ini, portofolio pembiayaan sektor pertanian mencakup 12 persen dari total penyaluran kredit produktif Bank BPD Bali.

Berkat analisis dan verifikasi lapangan yang selektif, tingkat kredit bermasalah (Non-Performing Loan/NPL) untuk kredit di sektor pertanian masih terjaga sangat sehat di bawah 1 persen.

Menyadari bahwa sektor pertanian rentan terhadap risiko perubahan iklim dan cuaca yang tidak menentu, Bank BPD Bali menerapkan strategi mitigasi risiko dengan menggandeng PT Jamkrida Bali Mandara untuk memberikan penjaminan berupa asuransi kredit.

""Sektor pertanian memiliki risiko iklim yang tidak dapat diprediksi serta resiko pasca panen.

Oleh karena itu, kami membentengi pembiayaan tersebut melalui mekanisme penjaminan bersama Jamkrida Bali Mandara, sehingga apabila terjadi permasalahan, pembiayaan tidak langsung menjadi kerugian total (loss),"" jelas Lestara.

Selain penjaminan kredit, Bank BPD Bali juga menggandeng BPJS Ketenagakerjaan untuk memberikan jaminan keselamatan kerja bagi para petani di lapangan.

Ekspansi Kuota KUR dan Bantuan CSR

Hingga akhir Agustus, penyaluran KUR Bank BPD Bali telah merealisasikan 89,26 persen dari target kuota KUR tahun 2026.

Seiring tingginya penyerapan, Bank BPD Bali telah mengajukan tambahan plafon KUR sebesar Rp254.4 miliar, sehingga total kuota KUR tahun 2026 ini meningkat menjadi Rp2,05 triliun, naik dari realisasi tahun 2025 sebesar Rp1,769 triliun.

Untuk tahun depan, Bank BPD Bali berencana mengajukan kuota KUR hingga Rp3.5 triliun.

Di luar aspek pembiayaan komersial, Bank BPD Bali juga menyerahkan bantuan Corporate Social Responsibility (CSR) berupa 2 unit solar dryer (alat pengering tenaga surya) kepada kelompok tani kakao di Jembrana guna mendukung penanganan pascapanen.

Melalui penguatan ekosistem, kemudahan pembiayaan, dan pendampingan berkelanjutan ini, Bank BPD Bali optimistis dapat membuktikan bahwa sektor pertanian merupakan profesi yang sangat potensial dan mampu menghasilkan pendapatan yang menjanjikan bagi masyarakat desa.

Salah satu debitur Bank BPD Bali yang merupakan petani kakao, Abdul Hadi Hariyanto, merasakan kemudahan dalam proses kredit di sektor pertanian sejak ia mengajukan di Bank BPD Bali Capem Bajera, Tabanan.

""Tidak ada kendala, semua lancar dalam pengajuan kredit hingga cair,"" ujar petani yang tinggal di Desa Lalanglinggah ini.

Ia berharap dengan penandatanganan kerja sama ini akan semakin meningkatkan produksi usahanya. (ptr)

Editor : Rosihan Anwar",Radar Bali,"Dajan Peken, 82114, Tabanan, Tabanan, Bali, Indonesia",-8.536609490935,115.13552944186335,5,"2, 7","kejaksaan, kejatibali, kejaritabanan, tabanan, news"
Polres Tabanan Ikuti Penguatan Kompetensi Paham AI Tingkatkan Kemampuan Personel Hadapi Era Digital,2026-09-19T05:46:00.000Z,"Kabupaten Tabanan, Bali, Indonesia","Polres Tabanan Ikuti Penguatan Kompetensi Paham AI, Tingkatkan Kemampuan Personel Hadapi Era Digital - suryaindonesia.net","Polda Bali, Surya Indonesia.net – Polres Tabanan – Humas Tabanan. Dalam menghadapi perkembangan teknologi digital yang semakin pesat, Polda Bali menggelar kegiatan Penguatan Kompetensi Paham AI bagi Trainer Paham AI Polres jajaran Polda Bali, Jumat (18/9/2026), bertempat di Gedung Presisi Polda Bali.","Kegiatan yang berlangsung mulai pukul 08.30 Wita tersebut diikuti para trainer Paham AI dari jajaran Polda Bali. Kegiatan diisi dengan sejumlah materi strategis, diawali arahan Karo SDM Polda Bali Kombespol I Dewa Made Adnyana, S.I.K., S.H., M.H., yang menekankan bahwa perkembangan kecerdasan buatan (AI) merupakan peluang sekaligus tantangan bagi institusi Polri.","Pada Hari Sabtu , 19 September 2026 05:46, Tabanan, Tabanan, Bali

Polda Bali, Surya Indonesia.net – Polres Tabanan – Humas Tabanan. Dalam menghadapi perkembangan teknologi digital yang semakin pesat, Polda Bali menggelar kegiatan Penguatan Kompetensi Paham AI bagi Trainer Paham AI Polres jajaran Polda Bali, Jumat (18/9/2026), bertempat di Gedung Presisi Polda Bali. Kegiatan yang berlangsung mulai pukul 08.30 Wita tersebut diikuti para trainer Paham AI dari jajaran Polda Bali.

Kegiatan diisi dengan sejumlah materi strategis, diawali arahan Karo SDM Polda Bali Kombespol I Dewa Made Adnyana, S.I.K., S.H., M.H., yang menekankan bahwa perkembangan kecerdasan buatan (AI) merupakan peluang sekaligus tantangan bagi institusi Polri. Sementara itu, Karomulmed Divhumas Polri Brigjen Pol Ade Ary Syam Indradi, S.H., S.I.K., M.H., mengingatkan bahwa AI merupakan alat bantu, sedangkan ide, kreativitas, dan tanggung jawab tetap berada pada setiap personel.

ADVERTISEMENT SCROLL TO RESUME CONTENT

Penguatan kompetensi juga mencakup materi AI Literacy, AI Competency, AI Talent, organizational capability, pengembangan diri, komunikasi edukatif, kolaborasi, perubahan dan adaptasi, hingga manajemen pengetahuan dan media yang disampaikan Wakakortastipidkor Polri Brigjen Pol Boro Windu Danandito, S.I.K., M.A.P. Selain itu, peserta mendapatkan materi crime analysis melalui pemanfaatan data secara sistematis untuk memahami pola kejahatan, mendukung penentuan prioritas, serta mengevaluasi pelaksanaan tugas kepolisian.

Seijin Kapolres Tabanan AKBP I Putu Bayu Pati, S.I.K., M.H.,melalui Kabag SDM Polres Tabanan Kompol Ni Made Lestari, S.H., M.H., mengatakan” Materi manajemen media dan pemanfaatan AI dalam kehumasan Polri turut diberikan, termasuk pemahaman sejarah AI, peluang pemanfaatannya, serta risiko penggunaan AI yang perlu diwaspadai karena hasilnya tidak selalu benar. Kegiatan kemudian dilanjutkan dengan pengisian kuesioner dan ditutup dengan foto bersama. Seluruh rangkaian kegiatan berakhir pukul 12.30 Wita dalam keadaan tertib dan lancar, sebagai bagian dari upaya mewujudkan SDM Polri yang adaptif, kompeten, dan mampu memanfaatkan teknologi secara bertanggung jawab.

(anggi)",suryaindonesia.net,"Dajan Peken, 82114, Tabanan, Tabanan, Bali, Indonesia",-8.536609490935,115.13552944186335,5,"2, 7","kejaksaan, kejatibali, kejaritabanan, tabanan, news"
Dua Desa di Tabanan Jadi Percontohan Kampung Reforma Agraria,2026-09-18T10:33:00.000Z,"Kabupaten Tabanan, Bali, Indonesia",Dua Desa di Tabanan Jadi Percontohan Kampung Reforma Agraria - BALIPOST.com,"SINGASANA, BALIPOST.com – Pemerintah Kabupaten Tabanan menetapkan Desa Sanda, Kecamatan Pupuan, dan Desa Gunung Salak, Kecamatan Selemadeg Timur, sebagai lokasi kegiatan Gugus Tugas Reforma Agraria (GTRA) Kabupaten Tabanan Tahun 2026. Penetapan dua desa tersebut diarahkan untuk mengintegrasikan kepastian hukum kepemilikan tanah dengan pemberdayaan masyarakat, pengembangan potensi ekonomi, dan penguatan ketahanan pangan berkelanjutan.","Penetapan itu disampaikan Bupati Tabanan, Dr. I Komang Gede Sanjaya saat membuka Rapat Koordinasi Awal Penyelenggaraan GTRA Kabupaten Tabanan Tahun 2026 di Graha Yadnya Sanjayaning Singasana, Tabanan, Jumat (18/9).","Pada Hari Jumat , 18 September 2026 10:33, Tabanan, Tabanan, Bali

SINGASANA, BALIPOST.com – Pemerintah Kabupaten Tabanan menetapkan Desa Sanda, Kecamatan Pupuan, dan Desa Gunung Salak, Kecamatan Selemadeg Timur, sebagai lokasi kegiatan Gugus Tugas Reforma Agraria (GTRA) Kabupaten Tabanan Tahun 2026. Penetapan dua desa tersebut diarahkan untuk mengintegrasikan kepastian hukum kepemilikan tanah dengan pemberdayaan masyarakat, pengembangan potensi ekonomi, dan penguatan ketahanan pangan berkelanjutan.

Penetapan itu disampaikan Bupati Tabanan, Dr. I Komang Gede Sanjaya saat membuka Rapat Koordinasi Awal Penyelenggaraan GTRA Kabupaten Tabanan Tahun 2026 di Graha Yadnya Sanjayaning Singasana, Tabanan, Jumat (18/9).

Dikatakannya, kedua desa dipilih setelah menyelesaikan program Pendaftaran Tanah Sistematis Lengkap (PTSL). Dengan demikian, seluruh masyarakat di kedua desa tersebut telah memiliki sertifikat tanah. Kondisi ini akan menjadi modal awal untuk melanjutkan penataan akses melalui pengembangan potensi ekonomi dan pemberdayaan masyarakat.

Bupati Sanjaya menegaskan, reforma agraria tidak cukup hanya dengan memberikan kepastian hukum atas kepemilikan tanah. Program tersebut harus dilanjutkan dengan penataan dan optimalisasi aset masyarakat agar mampu memberikan manfaat ekonomi serta meningkatkan kesejahteraan.

“Reforma agraria mereformasi, menata, merekonstruksi, membuat sesuatu yang tidak pasti menjadi pasti. Tujuannya adalah untuk menciptakan lahirnya sebuah keadilan, yang demikian akhirnya menuju kesejahteraan,” ungkap Sanjaya.

Menurut Sanjaya, kepastian data menjadi salah satu kunci dalam penataan wilayah dan pelaksanaan reforma agraria. Data yang akurat dan terintegrasi diperlukan untuk menentukan peruntukan lahan, baik pertanian, permukiman, perkebunan, investasi maupun kawasan yang harus dilindungi sebagai Kawasan Pertanian Pangan Berkelanjutan (KP2B).

Ia mengingatkan, ketidakakuratan data berpotensi menimbulkan kesalahan dalam penataan ruang dan tata kelola wilayah yang pada akhirnya dapat memicu sengketa. “Karena kalau data tidak pasti, nanti tata ruang pasti keliru, tata kelola yang lain nanti akan muncul sengketa,” tegasnya.

Pemkab Tabanan juga mendorong integrasi kegiatan GTRA dengan pengembangan Data Desa Presisi. Data tersebut diharapkan mampu menggambarkan kondisi riil wilayah secara lebih terperinci, mulai dari tingkat kecamatan, desa, banjar hingga kelompok masyarakat.

Sanjaya mencontohkan, data mengenai luasan lahan pertanian, perkebunan, permukiman, serta kebutuhan sarana produksi pertanian diperlukan agar dukungan pemerintah dapat disesuaikan dengan kondisi dan kebutuhan masyarakat. “Makanya kurator sangat penting, apa adanya yang terjadi. Maka dari itu kalau ada Data Desa Presisi dan Kampung Reforma Agraria di Sanda dan Gunung Salak, akurat lebih dulu,” ujarnya.

Sementara itu, Kepala Kantor Pertanahan Kabupaten Tabanan sekaligus Ketua Tim Pelaksana Harian GTRA Kabupaten Tabanan, I Gede Ari Wahyudi mengatakan, pihaknya telah melakukan pemetaan sosial di Desa Sanda dan Desa Gunung Salak sebelum pelaksanaan rakor awal. “Selain potensi itu, kita juga menyerap informasi berupa hambatan dan kendala yang ini akan kita kolaborasikan untuk kita carikan solusi, kita carikan penyelesaian nantinya kalau ada sengketa,” jelas Ari Wahyudi.

Dari hasil pemetaan tersebut, teridentifikasi sejumlah potensi komoditas pertanian dan perkebunan. Desa Sanda memiliki potensi kopi, durian, pisang dan kelapa. Sementara, Desa Gunung Salak memiliki potensi durian, pisang dan kakao. Selain potensi, pemetaan juga menemukan sejumlah kendala yang perlu ditindaklanjuti secara lintas sektor. Diantaranya keterbatasan pupuk, kelembagaan petani yang belum optimal, serta persoalan pemasaran dan offtaker.

“Selain potensi itu, kita juga menyerap informasi berupa hambatan dan kendala yang ini akan kita kolaborasikan untuk kita carikan solusi. Kita carikan penyelesaian nantinya kalau ada sengketa,” jelas Ari Wahyudi.

Dalam pelaksanaan GTRA Tahun 2026, Desa Sanda dan Desa Gunung Salak diarahkan menjadi lokasi percontohan Reforma Agraria yang selanjutnya akan dilaunching sebagai Kampung Reforma Agraria. Konsep tersebut diharapkan menjadi wadah integrasi antara kepastian hak atas tanah, pemberdayaan masyarakat, pengembangan potensi ekonomi desa, ketahanan pangan dan pengendalian tata ruang secara berkelanjutan. (Puspawati/balipost)",BALIPOST.com,"Dajan Peken, 82114, Tabanan, Tabanan, Bali, Indonesia",-8.536609490935,115.13552944186335,5,"2, 7","kejaksaan, kejatibali, kejaritabanan, tabanan, news"
Polsek Kediri Polres Tabanan Laksanakan Patroli Malam Hari Tekan Cegah 3C dan Kejahatan Jalanan,2026-09-19T06:03:00.000Z,"Kabupaten Tabanan, Bali, Indonesia","Polsek Kediri Polres Tabanan Laksanakan Patroli Malam Hari, Tekan Cegah 3C dan Kejahatan Jalanan - suryaindonesia.net","Polres Tabanan, Surya Indonesia.net – Polsek Kediri, Tingkatkan pelaksanaan kegiatan patroli barcode Jagra dewata Dalam rangka menjaga situasi Kamtibmas yang aman dan kondusif serta arus lalulintas mancarli cegah terjadinya laka dan kemacetan serta mencegah terjadinya gangguan keamanan di wilayah Polsek Kediri. Senin, 14-09-2026 pukul 23.00 s/d 24.00 wita, personil Polsek Kediri yang dipimpin langsung Pengawas (Pawas) IPTU I Putu Murdita, S.Sos.","melaksanakan patroli pada dini hari dengan sasaran obyek vital, perbankkan, ATM, SPBU termasuk juga pertokoan, pasar tradisional pemukiman penduduk dan juga atensi terjadinya kejahatan 3C, kejahatan jalanan dan trek-trekan terutama di jalur utama by pass A.Yani – By Pass Ir. Soekarno yang dapat mengganggu arus lalu lintas lainnya.","Pada Hari Sabtu , 19 September 2026 06:03, Tabanan, Tabanan, Bali

Polres Tabanan, Surya Indonesia.net – Polsek Kediri, Tingkatkan pelaksanaan kegiatan patroli barcode Jagra dewata Dalam rangka menjaga situasi Kamtibmas yang aman dan kondusif serta arus lalulintas mancarli cegah terjadinya laka dan kemacetan serta mencegah terjadinya gangguan keamanan di wilayah Polsek Kediri.

Senin, 14-09-2026 pukul 23.00 s/d 24.00 wita, personil Polsek Kediri yang dipimpin langsung Pengawas (Pawas) IPTU I Putu Murdita, S.Sos. melaksanakan patroli pada dini hari dengan sasaran obyek vital, perbankkan, ATM, SPBU termasuk juga pertokoan, pasar tradisional pemukiman penduduk dan juga atensi terjadinya kejahatan 3C, kejahatan jalanan dan trek-trekan terutama di jalur utama by pass A.Yani – By Pass Ir. Soekarno yang dapat mengganggu arus lalu lintas lainnya.

ADVERTISEMENT SCROLL TO RESUME CONTENT

Kegiatan patroli ini difokuskan pada sasaran daerah rawan kejahatan dan objek vital serta lokasi rawan lainnya yang dilaksanakan untuk mengantisipasi dan mencegah terjadinya tindak kejahatan, khususnya pada malam hari, sambil dialogis terhadap petugas keamanan agar ikut menjaga keamanan tempat kerja dan sekitarnya serta apabila ada hal-hal yang mencurigakan Segera laporkan kepada polisi yang terdekat dan bisa juga melalui call center 110.

Seijin Kapolres AKBP I Putu Bayu Pati, S.I.K., M.H, melalui Kapolsek Kediri Kompol Putu Budiawan menyampaikan bahwa pelaksanaan Patroli dini hari di gelar dengan tujuan untuk mencegah terjadinya tindak kriminal terutama saat masyarakat istirahat malam hari dan juga selalu memberikan himbauan kepada satuan pengamanan pada obyek vital untuk selalu berhati-hati dan waspada terhadap situasi yang berkembang apabila ada hal-hal yang mencurigakan segera menyampaikan kepada polri yang terdekat dan bisa langsung ke Polsek untuk penanganan lebih lanjut.

“Dengan adanya pelaksanaan patroli Barcode diharapkan situasi di wilayah hukum Polsek Kediri Polres Tabanan tetap aman dan terkendali,” tuturnya.

(anggi)",suryaindonesia.net,"Dajan Peken, 82114, Tabanan, Tabanan, Bali, Indonesia",-8.536609490935,115.13552944186335,5,"2, 7","kejaksaan, kejatibali, kejaritabanan, tabanan, news"
DPRD Tabanan Dorong Penetapan LP2B Berpihak pada Kesejahteraan Petani,2026-09-18T10:39:26.000Z,"Kabupaten Tabanan, Bali, Indonesia",DPRD Tabanan Dorong Penetapan LP2B Berpihak pada Kesejahteraan Petani - BALIPOST.com,"SINGASANA, BALIPOST.com – DPRD Tabanan menyepakati hasil pembahasan lima rancangan peraturan daerah (ranperda) dalam rapat paripurna internal, Jumat (18/9). Dalam pembahasan tersebut, perlindungan lahan pertanian pangan berkelanjutan (LP2B) menjadi perhatian, terutama terkait kepastian ekonomi dan pemberian insentif bagi petani.","Kelima ranperda yang disepakati meliputi Perubahan APBD Tahun Anggaran 2026, Penyertaan Modal Daerah pada Perumda Sanjayaning Singasana, Penyertaan Modal pada PT Penjaminan Kredit Bali Mandara, Penyelenggaraan Sarana Jaringan Utilitas Terpadu (SJUT), dan Perlindungan LP2B. Ketua DPRD Tabanan, I Nyoman Arnawa yang ditemui usai rapat mengatakan, secara prinsip kelima ranperda akan direkomendasikan untuk ditetapkan.","Pada Hari Jumat , 18 September 2026 10:39, Tabanan, Tabanan, Bali

SINGASANA, BALIPOST.com – DPRD Tabanan menyepakati hasil pembahasan lima rancangan peraturan daerah (ranperda) dalam rapat paripurna internal, Jumat (18/9). Dalam pembahasan tersebut, perlindungan lahan pertanian pangan berkelanjutan (LP2B) menjadi perhatian, terutama terkait kepastian ekonomi dan pemberian insentif bagi petani.

Kelima ranperda yang disepakati meliputi Perubahan APBD Tahun Anggaran 2026, Penyertaan Modal Daerah pada Perumda Sanjayaning Singasana, Penyertaan Modal pada PT Penjaminan Kredit Bali Mandara, Penyelenggaraan Sarana Jaringan Utilitas Terpadu (SJUT), dan Perlindungan LP2B.

Ketua DPRD Tabanan, I Nyoman Arnawa yang ditemui usai rapat mengatakan, secara prinsip kelima ranperda akan direkomendasikan untuk ditetapkan. Namun, penetapan LP2B perlu dilakukan secara hati-hati karena Tabanan merupakan daerah agraris yang kehidupan masyarakatnya banyak bergantung pada sektor pertanian.

“Jangan sampai lahan masyarakat (petani) sudah ditetapkan LP2B, namun ekonominya minim. Harapan kami pemerintah wajib hadir di tengah masyarakat petani dengan memberikan kontribusi dan insentif bagi pemilik lahan yang ditetapkan menjadi LP2B,” ujarnya.

Menurut Arnawa, besaran insentif perlu disesuaikan dengan kemampuan anggaran daerah dan diatur melalui peraturan bupati (perbup). Ia juga menekankan pentingnya pembebasan pajak bagi lahan basah serta perhatian terhadap irigasi dan infrastruktur pertanian.

“Satu yang harus menurut saya adalah pajak, di mana lahan basah wajib bebas pajak. Kedua, memberikan insentif pada petani. Jangan sampai lahan ditetapkan LP2B, namun pemerintah tidak mau tahu tentang irigasinya. Infrastruktur harus dipastikan,” tegasnya.

Dalam laporan Pansus V, capaian LP2B di Kabupaten Tabanan mencapai 87,65 persen dari luasan lahan basah sawah (LBS) atau 16.564,33 hektare. Ranperda tersebut mengatur perlindungan lahan pertanian, pengendalian alih fungsi lahan, serta insentif dan disinsentif bagi pemilik lahan yang ketentuannya akan diatur lebih lanjut melalui Perbup.

Sementara itu, Arnawa juga meminta penyertaan modal kepada Perumda Sanjayaning Singasana dilakukan secara hati-hati dan diarahkan pada potensi bisnis yang menjanjikan. “Penyertaan modal harus diarahkan pada potensi-potensi bisnis yang menjanjikan, untuk nantinya muaranya pada peningkatan ekonomi masyarakat,” katanya.

Pansus III menyebutkan penyertaan modal tersebut diarahkan untuk memperkuat permodalan dan kapasitas usaha Perumda. Sedangkan penyertaan modal kepada Jamkrida Bali Mandara diharapkan memperluas akses pembiayaan bagi UMKM dan koperasi.

Pansus IV melaporkan pembahasan Ranperda SJUT yang mengatur penyelenggaraan jaringan utilitas secara terpadu, aman, andal, dan berkelanjutan. Adapun Badan Anggaran menyampaikan laporan pembahasan Perubahan APBD 2026. Setelah seluruh laporan disampaikan, DPRD Tabanan menyepakati hasil pembahasan kelima ranperda untuk diproses sesuai tahapan pembentukan peraturan daerah. (Puspawati/balipost)",BALIPOST.com,"Dajan Peken, 82114, Tabanan, Tabanan, Bali, Indonesia",-8.536609490935,115.13552944186335,5,"2, 7","kejaksaan, kejatibali, kejaritabanan, tabanan, news"
Dua Desa di Tabanan Jadi Percontohan Kampung Reforma Agraria,2026-09-18T11:31:47.000Z,"Kabupaten Tabanan, Bali, Indonesia",Dua Desa di Tabanan Jadi Percontohan Kampung Reforma Agraria - bali prawara,"TABANAN, – baliprawara.com

Pemkab Tabanan menyiapkan Desa Sanda, Kecamatan Pupuan, dan Desa Gunung Salak, Kecamatan Selemadeg Timur, sebagai percontohan Kampung Reforma Agraria dalam program Gugus Tugas Reforma Agraria (GTRA) 2026. Persiapan tersebut dibahas dalam rapat koordinasi awal GTRA di Graha Yadnya Sanjayaning Singasana, Tabanan, Jumat, 18 September 2026.","Kedua desa dipilih karena telah menuntaskan program Pendaftaran Tanah Sistematis Lengkap (PTSL). Dengan demikian, masyarakat setempat telah memiliki sertifikat tanah sebagai dasar kepastian hukum kepemilikan aset.","Pada Hari Jumat , 18 September 2026 11:31, Tabanan, Tabanan, Bali

TABANAN, – baliprawara.com

Pemkab Tabanan menyiapkan Desa Sanda, Kecamatan Pupuan, dan Desa Gunung Salak, Kecamatan Selemadeg Timur, sebagai percontohan Kampung Reforma Agraria dalam program Gugus Tugas Reforma Agraria (GTRA) 2026. Persiapan tersebut dibahas dalam rapat koordinasi awal GTRA di Graha Yadnya Sanjayaning Singasana, Tabanan, Jumat, 18 September 2026.

Kedua desa dipilih karena telah menuntaskan program Pendaftaran Tanah Sistematis Lengkap (PTSL). Dengan demikian, masyarakat setempat telah memiliki sertifikat tanah sebagai dasar kepastian hukum kepemilikan aset.

Bupati Tabanan, Dr. I Komang Gede Sanjaya, S.E., M.M., mengatakan, sertifikasi tanah menjadi modal awal untuk melanjutkan penataan akses dan pemberdayaan masyarakat. Program ini diarahkan untuk mengembangkan potensi ekonomi, ketahanan pangan, dan tata ruang berkelanjutan.

Kepala Kantor Pertanahan Kabupaten Tabanan sekaligus Ketua Tim Pelaksana Harian GTRA, I Gede Ari Wahyudi, menyampaikan, pemetaan sosial telah dilakukan terhadap 100 kepala keluarga di masing-masing desa. Pemetaan mencakup potensi komoditas lokal dan kendala yang dihadapi petani.

Desa Sanda memiliki potensi kopi, durian, pisang, dan kelapa. Sementara Desa Gunung Salak mengandalkan komoditas durian, pisang, dan kakao.

Namun, pemetaan juga menemukan sejumlah kendala, seperti keterbatasan pupuk, kelembagaan petani yang belum optimal, serta persoalan pemasaran dan ketersediaan penampung hasil panen (offtaker).

Bupati Sanjaya menekankan pentingnya penggunaan Data Desa Presisi agar program pemberdayaan tepat sasaran. Pemkab Tabanan bersama instansi terkait akan berkolaborasi mengatasi kendala produksi dan pemasaran yang dihadapi petani di kedua desa.(MBP/r)",bali prawara,"Dajan Peken, 82114, Tabanan, Tabanan, Bali, Indonesia",-8.536609490935,115.13552944186335,5,"2, 7","kejaksaan, kejatibali, kejaritabanan, tabanan, news"
Bupati Sanjaya Buka Arah Baru Reforma Agraria Data Presisi Jadi Kunci,2026-09-18T14:09:32.000Z,"Kabupaten Tabanan, Bali, Indonesia","Bupati Sanjaya Buka Arah Baru Reforma Agraria, Data Presisi Jadi Kunci - BaliNews.id","TABANAN, BALINEWS.ID – Bupati Tabanan, Dr. I Komang Gede Sanjaya, S.E., M.M., membuka Rapat Koordinasi Awal Penyelenggaraan Gugus Tugas Reforma Agraria (GTRA) Kabupaten Tabanan Tahun 2026, di Graha Yadnya Sanjayaning Singasana, Tabanan, Jumat (18/9/2026).","Mengusung tema “Strategi Optimalisasi Kegiatan Reforma Agraria di Kabupaten Tabanan dalam Kerangka Ketahanan Pangan, Pengendalian Tata Ruang yang Berkelanjutan”, kegiatan tersebut menjadi forum penguatan kolaborasi lintas sektor dalam penataan aset dan akses pertanahan serta pemberdayaan masyarakat. Kegiatan turut dihadiri Sekda dan Asisten Pemerintahan dan Kesejahteraan Rakyat Setda Kabupaten Tabanan, Kepala Kantor Pertanahan Kabupaten Tabanan sekaligus Ketua Tim Pelaksana Harian GTRA Kabupaten Tabanan, unsur Forkopimda, Majelis Desa Adat Kabupaten Tabanan, para kepala perangkat daerah terkait, serta Perbekel Desa Sanda dan Perbekel Desa Gunung Salak.","Pada Hari Jumat , 18 September 2026 14:09, Tabanan, Tabanan, Bali

TABANAN, BALINEWS.ID – Bupati Tabanan, Dr. I Komang Gede Sanjaya, S.E., M.M., membuka Rapat Koordinasi Awal Penyelenggaraan Gugus Tugas Reforma Agraria (GTRA) Kabupaten Tabanan Tahun 2026, di Graha Yadnya Sanjayaning Singasana, Tabanan, Jumat (18/9/2026).

Mengusung tema “Strategi Optimalisasi Kegiatan Reforma Agraria di Kabupaten Tabanan dalam Kerangka Ketahanan Pangan, Pengendalian Tata Ruang yang Berkelanjutan”, kegiatan tersebut menjadi forum penguatan kolaborasi lintas sektor dalam penataan aset dan akses pertanahan serta pemberdayaan masyarakat.

Kegiatan turut dihadiri Sekda dan Asisten Pemerintahan dan Kesejahteraan Rakyat Setda Kabupaten Tabanan, Kepala Kantor Pertanahan Kabupaten Tabanan sekaligus Ketua Tim Pelaksana Harian GTRA Kabupaten Tabanan, unsur Forkopimda, Majelis Desa Adat Kabupaten Tabanan, para kepala perangkat daerah terkait, serta Perbekel Desa Sanda dan Perbekel Desa Gunung Salak.

Hadir pula narasumber dari Balai Diklat Kementerian Perindustrian Denpasar dan Dinas Perumahan, Kawasan Permukiman dan Pertanahan Kabupaten Tabanan.

Dalam sambutannya, Bupati Sanjaya menyampaikan apresiasi atas pelaksanaan Rakor Awal GTRA Kabupaten Tabanan yang menurutnya sejalan dengan upaya pemerintah daerah dalam membangun tata kelola wilayah yang terintegrasi dan berbasis data. Ia menekankan pentingnya memperkuat kolaborasi antara Pemerintah Daerah, Kantor Pertanahan, perangkat daerah, pemerintah desa, serta pihak terkait lainnya untuk menyelaraskan program dan menyusun langkah tindak lanjut Reforma Agraria di Kabupaten Tabanan.

“Reforma Agraria mereformasi, menata, merekonstruksi, membuat sesuatu yang tidak pasti menjadi pasti. Tujuannya adalah untuk menciptakan lahirnya sebuah keadilan, yang demikian akhirnya menuju kesejahteraan,” ungkap Sanjaya.

Ia juga menjelaskan, Desa Sanda dan Desa Gunung Salak ditetapkan sebagai lokasi kegiatan GTRA Kabupaten Tabanan Tahun 2026. Kedua desa tersebut telah menyelesaikan Pendaftaran Tanah Sistematis Lengkap (PTSL), sehingga seluruh masyarakat telah memiliki sertifikat.

Kondisi tersebut, menurutnya, menjadi modal penting untuk melanjutkan proses penataan akses melalui pemberdayaan dan optimalisasi aset masyarakat agar mampu memberikan manfaat ekonomi dan mendukung peningkatan kesejahteraan.

Lebih lanjut, Bupati Sanjaya menilai kepastian data menjadi salah satu kunci penting dalam penataan wilayah. Melalui data yang akurat dan terintegrasi, pemerintah dapat menentukan secara lebih tepat peruntukan lahan, baik untuk pertanian, permukiman, perkebunan, investasi maupun kawasan yang harus dilindungi sebagai Kawasan Pertanian Pangan Berkelanjutan (KP2B).

“Karena kalau data tidak pasti, nanti tata ruang pasti keliru, tata kelola yang lain nanti akan muncul sengketa,” tegasnya.

Dalam konteks tersebut, Bupati Sanjaya juga mengaitkan pelaksanaan Reforma Agraria dengan pengembangan Data Desa Presisi yang tengah didorong Pemerintah Kabupaten Tabanan.

Menurutnya, data yang presisi diperlukan agar pembangunan dapat dirancang berdasarkan kondisi riil di masing-masing wilayah, mulai dari tingkat kecamatan, desa, hingga banjar dan kelompok masyarakat.

Ia mencontohkan, data yang akurat dapat memberikan gambaran mengenai luasan lahan pertanian, perkebunan dan permukiman, termasuk kebutuhan sarana produksi pertanian. Dengan demikian, dukungan program dari pemerintah dapat disesuaikan dengan kondisi dan kebutuhan masyarakat di lapangan.

“Makanya kurator sangat penting, apa adanya yang terjadi. Maka dari itu kalau ada Data Desa Presisi dan Kampung Reforma Agraria di Sanda dan Gunung Salak, akurat lebih dulu,” ujarnya.

Sanjaya berharap pelaksanaan GTRA tidak berhenti pada aspek sertifikasi tanah, tetapi dilanjutkan dengan pemberdayaan masyarakat melalui pengembangan potensi ekonomi desa.

Ia menyebut potensi yang telah teridentifikasi di Desa Sanda antara lain kopi, durian, pisang, dan kelapa, sedangkan Desa Gunung Salak memiliki potensi durian, pisang, dan kakao. Potensi tersebut selanjutnya perlu dioptimalkan melalui sinergi lintas sektor, termasuk dalam mengatasi berbagai kendala yang dihadapi masyarakat.

Sebelumnya, Kepala Kantor Pertanahan Kabupaten Tabanan sekaligus Ketua Tim Pelaksana Harian GTRA Kabupaten Tabanan, I Gede Ari Wahyudi, sebelum pelaksanaan rapat koordinasi awal, Kantor Pertanahan Kabupaten Tabanan telah melakukan pemetaan sosial di Desa Sanda dan Desa Gunung Salak melalui wawancara dan survei lapangan terhadap 100 kepala keluarga di masing-masing desa. Hasil pemetaan tersebut kemudian dikonfirmasi melalui rapat bersama perangkat daerah terkait, pemerintah desa, dan perwakilan masyarakat untuk memastikan kesesuaian kondisi serta potensi yang ditemukan di lapangan.

Dari pemetaan tersebut, selain potensi komoditas pertanian dan perkebunan, ditemukan sejumlah hambatan yang perlu ditindaklanjuti secara kolaboratif, di antaranya keterbatasan pupuk, belum optimalnya kelembagaan petani, serta persoalan pemasaran dan offtaker.

Karena itu, keterlibatan lintas sektor diperlukan untuk mencarikan solusi sekaligus memperkuat pemberdayaan masyarakat setelah kepemilikan tanah mendapatkan kepastian hukum.

“Selain potensi itu, kita juga menyerap informasi berupa hambatan dan kendala yang ini akan kita kolaborasikan untuk kita carikan solusi, kita carikan penyelesaian nantinya kalau ada sengketa,” jelasnya.

Dalam pelaksanaan GTRA Tahun 2026, kedua desa tersebut juga diarahkan menjadi lokasi percontohan Reforma Agraria yang selanjutnya akan dilaunching sebagai Kampung Reforma Agraria.

Konsep tersebut diharapkan menjadi wadah integrasi antara kepastian hak atas tanah dengan pemberdayaan masyarakat, pengembangan potensi ekonomi, ketahanan pangan, serta pengendalian tata ruang secara berkelanjutan.(*)",BaliNews.id,"Dajan Peken, 82114, Tabanan, Tabanan, Bali, Indonesia",-8.536609490935,115.13552944186335,5,"2, 7","kejaksaan, kejatibali, kejaritabanan, tabanan, news"
Mepeed 2 Kilometer Diiringi Baleganjur PKK Banjar Adat Bongan Pala Semarakkan Pujawali Desa Adat Kota Tabanan,2026-09-18T11:08:17.000Z,"Kabupaten Tabanan, Bali, Indonesia","Mepeed 2 Kilometer Diiringi Baleganjur, PKK Banjar Adat Bongan Pala Semarakkan Pujawali Desa Adat Kota Tabanan - BaliNews.id","TABANAN, BALINEWS.ID – Rangkaian Upacara Pujawali Ring Tri Kahyangan Desa Adat Kota Tabanan berlangsung semarak. Nuansa adat dan kebersamaan tampak dalam tradisi mepeed yang diikuti jajaran Pemerintah Kabupaten Tabanan bersama masyarakat sejak Kamis (17/9/2026).","Salah satu yang turut menyemarakkan rangkaian tersebut yakni Banjar Adat Bongan Pala yang mendapatkan giliran Mepeed pada Jumat (18/9/2026). Krama banjar mengikuti prosesi mepeed dengan menempuh jarak sekitar 2 kilometer, berjalan dalam satu rangkaian menuju tempat persembahyangan.","Pada Hari Jumat , 18 September 2026 11:08, Tabanan, Tabanan, Bali

TABANAN, BALINEWS.ID – Rangkaian Upacara Pujawali Ring Tri Kahyangan Desa Adat Kota Tabanan berlangsung semarak. Nuansa adat dan kebersamaan tampak dalam tradisi mepeed yang diikuti jajaran Pemerintah Kabupaten Tabanan bersama masyarakat sejak Kamis (17/9/2026).

Salah satu yang turut menyemarakkan rangkaian tersebut yakni Banjar Adat Bongan Pala yang mendapatkan giliran Mepeed pada Jumat (18/9/2026). Krama banjar mengikuti prosesi mepeed dengan menempuh jarak sekitar 2 kilometer, berjalan dalam satu rangkaian menuju tempat persembahyangan. Prosesi berlangsung semakin semarak dengan iringan baleganjur Panca Yadnya Bongan Pala.

Tradisi mepeed tersebut menjadi bagian dari rangkaian pujawali yang dilaksanakan di Pura Puseh Desa Bale Agung Desa Adat Kota Tabanan dan dilanjutkan menuju Pura Dalem Prajapati Desa Adat Kota Tabanan.

Selain menjadi bagian dari prosesi keagamaan, mepeed juga menjadi ruang memperkuat kebersamaan dan gotong royong. Krama adat bersama jajaran pemerintah berjalan beriringan sebagai bentuk penghormatan terhadap adat dan budaya yang diwariskan secara turun-temurun.

Jajaran Pemkab Tabanan yang dipimpin Bupati Tabanan Dr. I Komang Gede Sanjaya, S.E., M.M. turut mengikuti rangkaian mepeed dan persembahyangan bersama, Kamis (17/9/2026). Hadir pula Wakil Bupati Tabanan beserta istri, Sekda Tabanan beserta istri, Asisten III, para kepala perangkat daerah dan kepala bagian, Camat Tabanan, Perbekel Delod Peken, Bendesa Adat Kota Tabanan serta para pegawai di lingkungan Pemkab Tabanan.

Usai mengikuti mepeed, seluruh jajaran melaksanakan persembahyangan bersama di Pura Puseh Desa Bale Agung. Kegiatan kemudian dilanjutkan dengan persembahyangan menuju Pura Dalem Prajapati Desa Adat Kota Tabanan.

Bupati Sanjaya mengatakan kehadiran jajaran pemerintah dalam rangkaian pujawali tersebut merupakan bagian dari upaya mempererat persatuan dan kesatuan antara pemerintah daerah dengan desa adat.

“Tujuan kami ngaturang ayah di pemerintah daerah ini adalah bagaimana kita bisa memupuk rasa persatuan dan kesatuan. Kita ajak jajaran pemerintah bersama-sama ngayah, mepeed, nari rejang, menggambel di sini. Kita ikut berperan serta sehingga terjalin kebersamaan dan kekompakan antara Pemerintah Kabupaten Tabanan dan desa adat sejebag Kabupaten Tabanan,” ujar Sanjaya.

Menurutnya, kegiatan tersebut juga menjadi bentuk aktualisasi nilai-nilai Nangun Sat Kerthi Loka Bali, khususnya dalam menjaga keharmonisan kehidupan masyarakat serta hubungan antara pemerintah dan desa adat.

Persembahyangan yang dilaksanakan secara berkala setiap enam bulan tersebut menjadi momentum bagi jajaran Pemkab Tabanan untuk memanjatkan doa bersama demi kerahayuan, kedamaian, keselamatan dan kesejahteraan masyarakat.

Rangkaian mepeed yang berlangsung khidmat dan diiringi baleganjur Panca Yadnya Bongan Pala sekaligus memperlihatkan kuatnya keterlibatan krama adat dalam menjaga keberlangsungan tradisi. Kebersamaan pemerintah, desa adat dan masyarakat menjadi bagian penting dalam mempertahankan nilai-nilai budaya Bali di tengah perkembangan zaman. (*)",BaliNews.id,"Dajan Peken, 82114, Tabanan, Tabanan, Bali, Indonesia",-8.536609490935,115.13552944186335,5,"2, 7","kejaksaan, kejatibali, kejaritabanan, tabanan, news"
Ubah Limbah Kulit Pisang Jadi Abon Ni Putu Issabel Kirana Selena Devi dari SMAN 1 Tabanan Melaju ke AHMBS Nasional 2026,2026-09-18T15:20:24.000Z,"Kabupaten Tabanan, Bali, Indonesia","Ubah Limbah Kulit Pisang Jadi Abon, Ni Putu Issabel Kirana Selena Devi dari SMAN 1 Tabanan Melaju ke AHMBS Nasional 2026 - Fajar Bali",DENPASAR-fajarbali.com | Kreativitas dan kepedulian terhadap lingkungan mengantarkan Ni Putu Issabel Kirana Selena Devi meraih prestasi gemilang. Siswi SMA Negeri 1 Tabanan ini sukses menyabet gelar Juara 1 pada ajang AHM Best Student (AHMBS) 2026 tingkat regional Bali.,"Melalui inovasinya mengolah limbah kulit pisang menjadi abon nabati yang diberi nama Biu-Zy, Issabel berhasil meraih posisi puncak. Keberhasilan ini sekaligus membawanya menjadi wakil resmi Astra Motor Bali untuk bertanding di ajang AHM Best Student 2026 tingkat nasional.","Pada Hari Jumat , 18 September 2026 15:20, Tabanan, Tabanan, Bali

DENPASAR-fajarbali.com | Kreativitas dan kepedulian terhadap lingkungan mengantarkan Ni Putu Issabel Kirana Selena Devi meraih prestasi gemilang. Siswi SMA Negeri 1 Tabanan ini sukses menyabet gelar Juara 1 pada ajang AHM Best Student (AHMBS) 2026 tingkat regional Bali.

Melalui inovasinya mengolah limbah kulit pisang menjadi abon nabati yang diberi nama Biu-Zy, Issabel berhasil meraih posisi puncak. Keberhasilan ini sekaligus membawanya menjadi wakil resmi Astra Motor Bali untuk bertanding di ajang AHM Best Student 2026 tingkat nasional.

Gagasan Biu-Zy lahir dari keprihatinan terhadap keberadaan limbah kulit pisang yang kerap terbuang sia-sia. Di tangan Issabel, limbah organik tersebut diubah menjadi bahan pangan alternatif yang tidak hanya bernilai guna tinggi, tetapi juga menyimpan potensi pemberdayaan ekonomi masyarakat.

Seleksi ketat AHMBS 2026 tingkat regional Bali tahun ini berhasil melahirkan tiga pelajar terbaik. Ketiganya menunjukkan tingkat kreativitas, kejelian inovasi, serta kepedulian yang luar biasa dalam menjawab berbagai permasalahan lingkungan di sekitarnya.

Posisi Juara 2 diraih oleh Uski Salsabila dari SMK Negeri 2 Negara. Ia menciptakan inovasi berupa shampo berbahan dasar kulit jeruk bali yang diformulasikan khusus untuk membantu membasmi masalah kutu rambut secara alami.

Sementara itu, predikat Juara 3 disabet oleh I Putu Arya Shiya Dharmayuda dari SMA Negeri 7 Denpasar. Ia merancang VisiTrash System (Vision Inspection & Sorting Trash System), sebuah gagasan pengelolaan botol plastik berbasis penimbangan digital yang langsung mengonversi berat sampah ke dalam nilai rupiah.

Admin & Finance Manager Astra Motor Bali, Cokorda Bagus Purnawan, menegaskan bahwa AHM Best Student dirancang khusus sebagai wadah bagi para pelajar untuk mengasah gagasan kreatif. Program ini menjadi ruang inkubasi solusi nyata atas berbagai tantangan di tengah masyarakat.

“Kami ingin mendorong lahirnya generasi muda yang unggul dalam kreativitas dan inovasi, sekaligus memiliki kepedulian sosial yang tinggi. Para pelajar cerdas dan kreatif dapat mengikuti AHM Best Student 2026 melalui empat kategori lomba berbasis Sustainable Development Goals atau SDGs, yaitu Pendidikan, Kesehatan, Lingkungan, dan Pemberdayaan Ekonomi. Kami berharap karya para pemenang dapat terus dikembangkan dan memberikan dampak positif yang lebih luas,” ujar Cokorda Bagus Purnawan.

Mengusung tema “Gen Z Berkarya, Indonesia Berdaya!”, AHM Best Student 2026 menjadi panggung utama bagi siswa SMA/SMK se-Bali untuk melahirkan aksi nyata. Seluruh peserta dituntut menuangkan gagasan yang selaras dengan nilai-nilai pencapaian SDGs, diselingi dengan tantangan konten kreatif di media sosial Instagram.

Langkah Ni Putu Issabel Kirana Selena Devi bersama produk Biu-Zy kini bersiap memasuki babak baru di tingkat nasional. Karya ini menjadi representasi nyata dari semangat Gen Z Bali yang tak hanya berprestasi secara akademis, tetapi juga mampu mengubah permasalahan lingkungan menjadi peluang bernilai tambah. (M-001)",Fajar Bali,"Dajan Peken, 82114, Tabanan, Tabanan, Bali, Indonesia",-8.536609490935,115.13552944186335,5,"2, 7","kejaksaan, kejatibali, kejaritabanan, tabanan, news"
Sholat Jumat Berjamaah Ruang Muhasabah dan Penguatan Diri Warga Binaan Lapas Tabanan,2026-09-18T13:32:00.000Z,"Kabupaten Tabanan, Bali, Indonesia","Sholat Jumat Berjamaah, Ruang Muhasabah dan Penguatan Diri Warga Binaan Lapas Tabanan - RADAR NUSANTARA NEWS","Petugas dan Warga Binaan umat Muslim Lembaga Pemasyarakatan (Lapas) Kelas IIB Tabanan melaksanakan ibadah Sholat Jumat berjamaah di Musholla Al Azhari, Jumat (18/09). Kegiatan tersebut menjadi bagian dari pembinaan kerohanian yang tidak hanya memperkuat keimanan, tetapi juga menjadi ruang muhasabah bagi Warga Binaan untuk menata diri dan memperkuat tekad menjalani proses pembinaan dengan lebih baik.","Kegiatan kali ini dipimpin oleh Ustadz Kusnadi dari Yayasan Hidayatullah yang menyampaikan pesan-pesan keagamaan tentang pentingnya menjaga ketenangan hati, memperbanyak introspeksi diri, dan menjadikan setiap pengalaman hidup sebagai pelajaran untuk tumbuh menjadi pribadi yang lebih baik. Kepala Lapas Tabanan, Basuki Raharjo, menyampaikan bahwa pembinaan kerohanian memiliki peran penting dalam mendukung proses pembinaan Warga Binaan secara menyeluruh.","Pada Hari Jumat , 18 September 2026 13:32, Tabanan, Tabanan, Bali

Petugas dan Warga Binaan umat Muslim Lembaga Pemasyarakatan (Lapas) Kelas IIB Tabanan melaksanakan ibadah Sholat Jumat berjamaah di Musholla Al Azhari, Jumat (18/09). Kegiatan tersebut menjadi bagian dari pembinaan kerohanian yang tidak hanya memperkuat keimanan, tetapi juga menjadi ruang muhasabah bagi Warga Binaan untuk menata diri dan memperkuat tekad menjalani proses pembinaan dengan lebih baik.





Kegiatan kali ini dipimpin oleh Ustadz Kusnadi dari Yayasan Hidayatullah yang menyampaikan pesan-pesan keagamaan tentang pentingnya menjaga ketenangan hati, memperbanyak introspeksi diri, dan menjadikan setiap pengalaman hidup sebagai pelajaran untuk tumbuh menjadi pribadi yang lebih baik.





Kepala Lapas Tabanan, Basuki Raharjo, menyampaikan bahwa pembinaan kerohanian memiliki peran penting dalam mendukung proses pembinaan Warga Binaan secara menyeluruh.





“Pembinaan kerohanian merupakan salah satu upaya untuk mendekatkan diri kepada Sang Pencipta sekaligus memperbaiki akhlak. Selain itu, kegiatan seperti ini juga menciptakan suasana kebersamaan yang positif antara sesama Warga Binaan maupun petugas sehingga proses pembinaan dapat berjalan dengan lebih baik,” ujar Basuki.





Sementara itu, Ustadz Kusnadi menjelaskan bahwa ibadah dan siraman rohani dapat menjadi sarana penenangan mental bagi Warga Binaan selama menjalani masa pidana. “Ketika seseorang mampu merenungkan dirinya dengan jujur, maka akan tumbuh kesadaran untuk memperbaiki apa yang selama ini kurang baik. Muhasabah menjadi bagian penting dalam membangun ketenangan batin sekaligus memperkuat niat untuk menjadi pribadi yang lebih baik,” ungkapnya.





Salah seorang Warga Binaan, Aris, mengaku kegiatan ibadah berjamaah memberikan semangat tersendiri karena menghadirkan lingkungan yang saling mendukung untuk berubah ke arah yang lebih baik. “Melalui kegiatan seperti ini saya merasa tidak sendirian. Kami saling menguatkan dan saling mengingatkan untuk terus memperbaiki diri. Itu yang membuat saya lebih termotivasi untuk menjalani pembinaan dan menjadi pribadi yang lebih baik,” tuturnya.





Melalui pembinaan kerohanian yang dilaksanakan secara berkelanjutan, Lapas Tabanan terus mendorong terbentuknya Warga Binaan yang tidak hanya memiliki pemahaman keagamaan yang baik, tetapi juga kesadaran untuk melakukan perubahan positif sebagai bekal ketika kembali ke tengah masyarakat.





Kontributor: Humas Lapas Tabanan.isk",RADAR NUSANTARA NEWS,"Dajan Peken, 82114, Tabanan, Tabanan, Bali, Indonesia",-8.536609490935,115.13552944186335,5,"2, 7","kejaksaan, kejatibali, kejaritabanan, tabanan, news"
SIM Keliling di Bali 19 September 2026 Cek Lokasinya,2026-09-18T23:00:53.000Z,"Kabupaten Tabanan, Bali, Indonesia","SIM Keliling di Bali 19 September 2026, Cek Lokasinya - BALIPOST.com","MANGUPURA, BALIPOST.com – Bagi masyarakat Bali yang hari ini hendak memperpanjang SIM A dan C, bisa memanfaatkan layanan SIM Keliling, Sabtu (19/9). Hari ini, SIM Keliling ada di 2 kabupaten.","Yaitu Badung dan Tabanan. Masyarakat bisa datang di tempat tersebut dengan membawa persyaratan KTP elektronik dengan fotoccopy, SIM lama yang masih aktif dengan fotocopy, dan surat keterangan sehat dan psikologi.","Pada Hari Jumat , 18 September 2026 23:00, Tabanan, Tabanan, Bali

MANGUPURA, BALIPOST.com – Bagi masyarakat Bali yang hari ini hendak memperpanjang SIM A dan C, bisa memanfaatkan layanan SIM Keliling, Sabtu (19/9).

Hari ini, SIM Keliling ada di 2 kabupaten. Yaitu Badung dan Tabanan.

Masyarakat bisa datang di tempat tersebut dengan membawa persyaratan KTP elektronik dengan fotoccopy, SIM lama yang masih aktif dengan fotocopy, dan surat keterangan sehat dan psikologi.

Untuk ikut dalam proses perpanjangan SIM, segini biaya yang perlu disiapkan berdasarkan Peraturan Pemerintah (PP) Nomor 76 Tahun 2020:

SIM A (Mobil): Rp80.000

SIM C (Motor): Rp75.000

Lalu, ada pula biaya lainnya yang dikenakan. Biaya ini terkait dokumen administratif perpanjangan SIM yang dilakukan di lokasi SIM.

Jika tes dilakukan di fasilitas kesehatan lain, maka bisa jadi tarifnya berbeda:

Biaya tes kesehatan: Rp35.000

Biaya tes psikologi: Rp60.000

Masyarakat bisa mendatangi layanan perpanjangan SIM keliling di bawah ini:

Polres Badung, bertempat di Damkar Dalung (Timur Pasar Dalung) dan Mall Pelayanan Publik Puspem Badung, dari pukul 08.00 WITA sampai dengan selesai.

Polres Tabanan, bertempat di Pasar Senggol Tabanan mulai dari pukul 18.00 sampai 20.00 WITA.

Dari layanan SIM Keliling ini, masyarakat diharapkan dapat lebih mudah mengurus perpanjangan SIM tanpa harus datang langsung ke kantor Satpas.

Untuk memastikan tidak ada perubahan mendadak, jadwal terbaru bisa dipantau melalui akun resmi Ditlantas Polda Bali maupun Polres setempat. (Agung Dharmada/Balipost)",BALIPOST.com,"Dajan Peken, 82114, Tabanan, Tabanan, Bali, Indonesia",-8.536609490935,115.13552944186335,5,"2, 7","kejaksaan, kejatibali, kejaritabanan, tabanan, news"
Bupati Sanjaya Dorong Reforma Agraria Berbasis Data Presisi,2026-09-18T11:21:42.000Z,"Kabupaten Tabanan, Bali, Indonesia",Bupati Sanjaya Dorong Reforma Agraria Berbasis Data Presisi - bali prawara,"TABANAN, – baliprawara.com

Bupati Tabanan, Dr. I Komang Gede Sanjaya, S.E., M.M., mendorong pelaksanaan Reforma Agraria berbasis data presisi untuk memperkuat kepastian hukum atas tanah, ketahanan pangan, dan kesejahteraan masyarakat.","Hal itu disampaikan saat membuka Rapat Koordinasi Awal Gugus Tugas Reforma Agraria (GTRA) Kabupaten Tabanan Tahun 2026, di Graha Yadnya Sanjayaning Singasana, Jumat, 18 September 2026. Mengusung tema strategi optimalisasi Reforma Agraria dalam kerangka ketahanan pangan dan pengendalian tata ruang berkelanjutan, kegiatan ini diikuti unsur pemerintah daerah, Kantor Pertanahan, Forkopimda, perangkat daerah terkait, serta pemerintah desa.","Pada Hari Jumat , 18 September 2026 11:21, Tabanan, Tabanan, Bali

TABANAN, – baliprawara.com

Bupati Tabanan, Dr. I Komang Gede Sanjaya, S.E., M.M., mendorong pelaksanaan Reforma Agraria berbasis data presisi untuk memperkuat kepastian hukum atas tanah, ketahanan pangan, dan kesejahteraan masyarakat. Hal itu disampaikan saat membuka Rapat Koordinasi Awal Gugus Tugas Reforma Agraria (GTRA) Kabupaten Tabanan Tahun 2026, di Graha Yadnya Sanjayaning Singasana, Jumat, 18 September 2026.

Mengusung tema strategi optimalisasi Reforma Agraria dalam kerangka ketahanan pangan dan pengendalian tata ruang berkelanjutan, kegiatan ini diikuti unsur pemerintah daerah, Kantor Pertanahan, Forkopimda, perangkat daerah terkait, serta pemerintah desa.

Sanjaya menyatakan, kepastian data menjadi dasar penting dalam penataan wilayah. Data yang akurat diperlukan untuk menentukan peruntukan lahan pertanian, pemukiman, perkebunan, investasi, hingga Kawasan Pertanian Pangan Berkelanjutan (KP2B).

“Kalau data tidak pasti, nanti tata ruang pasti keliru, tata kelola yang lain nanti akan muncul sengketa,” tegasnya.

Dalam pelaksanaan GTRA 2026, Desa Sanda, Kecamatan Pupuan, dan Desa Gunung Salak, Kecamatan Selemadeg Timur, ditetapkan sebagai lokasi kegiatan. Kedua desa tersebut telah menyelesaikan Pendaftaran Tanah Sistematis Lengkap (PTSL), sehingga masyarakat telah memiliki sertifikat tanah.

Menurut Sanjaya, kepastian kepemilikan tanah harus dilanjutkan dengan penataan akses dan pemberdayaan masyarakat melalui pengembangan potensi ekonomi desa. Desa Sanda memiliki potensi kopi, durian, pisang, dan kelapa. Sementara Desa Gunung Salak memiliki potensi durian, pisang, dan kakao.

Ia juga mengaitkan Reforma Agraria dengan pengembangan Data Desa Presisi. Data yang akurat, katanya, diperlukan agar program pembangunan disesuaikan dengan kondisi dan kebutuhan masyarakat, mulai dari tingkat desa hingga banjar.

Sementara itu, Kepala Kantor Pertanahan Kabupaten Tabanan sekaligus Ketua Tim Pelaksana Harian GTRA, I Gede Ari Wahyudi, mengatakan pihaknya telah melakukan pemetaan sosial di kedua desa. Pemetaan dilakukan melalui wawancara dan survei lapangan terhadap 100 kepala keluarga di masing-masing desa.

Hasil pemetaan menemukan sejumlah potensi dan kendala, seperti keterbatasan pupuk, belum optimalnya kelembagaan petani, serta persoalan pemasaran dan offtaker. Berbagai hambatan tersebut akan ditindaklanjuti melalui kolaborasi lintas sektor.

Kedua desa selanjutnya diarahkan menjadi lokasi percontohan yang akan dilaunching sebagai Kampung Reforma Agraria. Program ini diharapkan mengintegrasikan kepastian hak atas tanah dengan pemberdayaan masyarakat, pengembangan ekonomi, ketahanan pangan, dan pengendalian tata ruang berkelanjutan.(MBP/r)",bali prawara,"Dajan Peken, 82114, Tabanan, Tabanan, Bali, Indonesia",-8.536609490935,115.13552944186335,5,"2, 7","kejaksaan, kejatibali, kejaritabanan, tabanan, news"
